BrokerID	BrokerName	LicenseNumber	Phone	Email	Address	City	State	Country
1	Jerald Mraz	175411	84-002721-280360-2	Jimmy89@hotmail.com	4930 McClure Summit	West Brody	Missouri	Namibia
2	Becky Stoltenberg	175416	31-677055-168429-0	Rogelio_Emmerich-Marks@yahoo.com	649 Kattie Road	Edwardochester	Louisiana	Turkey
3	Dr. Lola Upton	175421	00-551881-742229-4	Orrin.Moore@yahoo.com	9338 Bradly Orchard	Kertzmannfurt	Iowa	Uruguay
4	Veronica Goldner	175426	95-165738-698422-9	Enoch.Ziemann79@yahoo.com	8784 Kirstin Mill	Crooksside	Colorado	Greenland
5	Gladys Legros	175431	85-451718-026709-8	Tyson.Kuphal58@hotmail.com	44340 Pine Street	Port Joanneberg	Utah	Seychelles
6	Mrs. Vicky Fadel	175436	22-208484-478905-3	Alicia_Beahan@gmail.com	6188 Poplar Street	Framiport	Arizona	Western Sahara
7	Cassandra Weber	175441	63-337711-476769-9	Mariano.Boyer@gmail.com	319 Wuckert Estates	New Dakotachester	Illinois	Svalbard & Jan Mayen Islands
8	Claude Zemlak	175446	34-472375-148665-7	Ollie.Kunde-Mante@gmail.com	7518 N Market Street	Lake Emeliastead	Nebraska	Romania
9	Lance Swaniawski	175451	62-885173-083931-1	Addison_Smitham@yahoo.com	577 Gage Groves	Feeneyfort	Delaware	Virgin Islands, U.S.
10	Scott Conroy Sr.	175456	60-949888-995720-6	Summer68@yahoo.com	881 Crystal Fields	McLean	New York	Saint Martin
11	Joseph Fritsch	175461	96-869750-098996-0	Brown_Ondricka91@hotmail.com	2882 Cole Dale	South Autumn	Indiana	South Africa
12	Sonja Carroll	175466	59-758871-236254-3	Deanna_Schneider@hotmail.com	720 Kreiger Pine	West Lilian	Vermont	Cape Verde
13	Grady Metz	175471	65-464777-405923-9	Rosella.Hoeger@gmail.com	142 Susana Run	Ameliaview	Oregon	Malaysia
14	Anna Breitenberg	175476	37-862956-056544-2	Esteban26@gmail.com	897 Lenna Court	Roseville	New York	Austria
15	Lionel Hayes	175481	24-101395-803616-4	Bettye_Fahey0@gmail.com	310 Bella Skyway	Irving	Massachusetts	Jamaica
16	Mr. Jerry Beahan-Effertz III	175486	62-173497-435094-7	Neva.Kautzer@gmail.com	66342 Eda Fords	Brandontown	Indiana	United Kingdom
17	Raquel Connelly	175491	05-433729-413970-5	Kian.Wyman-Lesch26@yahoo.com	688 S High Street	Krisville	Georgia	Nicaragua
18	April Boyer-Heathcote	175496	95-907578-522132-9	Lydia77@hotmail.com	6190 Kevon Glen	Buffalo	Idaho	Virgin Islands, British
19	Lindsey Kessler	175501	16-142983-521142-2	Maida_OReilly28@hotmail.com	34827 Kub Walks	Fresno	New York	Taiwan
20	Heather Turcotte	175506	21-391917-633619-0	Tara.Pouros26@gmail.com	594 Willy Brooks	Fort Osvaldo	North Carolina	Burundi
21	Darla Harris	175511	22-726770-820158-9	Webster77@yahoo.com	3301 Cummerata Lake	Susietown	Texas	Zambia
22	Dr. Pablo Dicki	175516	52-988772-918710-6	Elody.Kling@yahoo.com	717 Weldon Valley	Littelstead	Illinois	Oman
23	Mr. Wesley Walsh II	175521	68-219516-941007-6	Nyah_Dibbert@gmail.com	11620 Feeney Circles	Lake Lon	California	Costa Rica
24	Jane Jast	175526	95-920704-356038-4	Ressie33@gmail.com	373 Ash Grove	Reingerberg	Colorado	Egypt
25	Ricky VonRueden	175531	34-195182-182268-3	Dariana.OKon20@gmail.com	214 Americo Ferry	Port Reillyport	Louisiana	Brunei Darussalam
26	Dianne Cremin	175536	77-921133-503343-9	Evan_Effertz@hotmail.com	92284 Halvorson Valley	East Wilberworth	Mississippi	Zambia
27	Shelley Hodkiewicz	175541	32-388503-194610-0	Clifford.Christiansen-Corwin65@gmail.com	98016 Conrad Throughway	Feilstad	New York	Aland Islands
28	Kelly Thompson	175546	61-939557-804445-2	Emerson_Dare71@gmail.com	3164 Heidenreich Path	Schuppeport	Oklahoma	United States Minor Outlying Islands
29	Glenn Anderson	175551	46-668772-340149-4	Ian84@yahoo.com	93898 E 4th Avenue	Hermanville	North Dakota	Aruba
30	Casey Schinner	175556	29-799874-085556-1	Jordan3@gmail.com	6378 Gage Underpass	Ferryfurt	Alabama	Georgia
31	Josh Kuhn	175561	94-784207-943550-0	Abraham_Langosh21@gmail.com	885 Emmerich Meadow	Toyberg	Arizona	Ukraine
32	Jan Mayer	175566	42-931610-306858-4	Khalid.Hauck87@gmail.com	59580 Aufderhar Land	Feiltown	Florida	Togo
33	Lonnie Boyer	175571	94-002354-779345-0	Kory.Gutmann@hotmail.com	887 Maple Street	North Charleston	South Dakota	Belize
34	Katie Schmidt	175576	45-419271-730076-4	Baron55@hotmail.com	944 Windler Mews	New Mustafa	Rhode Island	Bhutan
35	Shawn Denesik	175581	71-247359-569709-3	Laurie89@hotmail.com	351 Kendrick Court	Schowaltertown	Nevada	Macao
36	Mona Johnson	175586	17-092488-276387-8	Forest.Schumm@yahoo.com	8781 Effertz Hills	Port Anabelfurt	Indiana	Maldives
37	Natasha Gulgowski	175591	46-866393-653004-7	Ernesto_Hirthe80@gmail.com	65057 Sincere Trafficway	New Zacheryside	North Dakota	Armenia
38	Francis Connelly	175596	02-490807-068104-0	Walker20@yahoo.com	19831 Krajcik Canyon	Baumbachboro	Wyoming	Mongolia
39	Mildred Friesen-Smith	175601	21-255311-643416-0	Yadira5@gmail.com	39920 Leuschke Ridge	Hempstead	South Carolina	United States Minor Outlying Islands
40	Marion Hartmann DDS	175606	53-094429-519172-8	Maida.Aufderhar90@gmail.com	297 W Elm Street	Olsonfield	Maine	Guyana
41	Caleb Senger	175611	71-818213-239186-2	Jennings.Rodriguez55@gmail.com	552 King Squares	Lake Van	Vermont	Iceland
42	Salvador Kunze	175616	33-786748-568129-6	Mervin.Dach66@yahoo.com	8623 Christiansen Square	Ileneville	North Carolina	Guatemala
43	Sammy Conn PhD	175621	25-803031-056272-9	Brandyn_Bogisich21@yahoo.com	85472 Hill Street	Hammesworth	Utah	Niue
44	Boyd Crist	175626	17-792815-572579-8	Wilber.Mertz-Frami69@hotmail.com	13638 Schimmel Cliffs	Portage	South Carolina	Tuvalu
45	Henrietta Wunsch	175631	82-570340-171927-5	Simeon2@hotmail.com	942 Matteo Shoals	Westleyburgh	Maryland	Trinidad and Tobago
46	Dr. Rufus Bergstrom	175636	38-655708-377571-1	Asha.Cole@hotmail.com	371 Bosco Forge	Pittsburgh	Connecticut	Tunisia
47	Nina Schultz-Dibbert	175641	80-406263-401373-2	Bridgette_Haley29@yahoo.com	403 Pine Close	Gorczanystead	Texas	Iran
48	Terry Gerhold	175646	45-787445-159766-6	Althea_Von@hotmail.com	24413 Schuster Wells	Vandervortfield	Missouri	American Samoa
49	Heidi Schaefer-Johnson	175651	02-951898-203432-2	Hettie39@yahoo.com	47330 Milton Street	Aylashire	North Dakota	Equatorial Guinea
50	Shannon Waelchi MD	175656	45-330669-959288-0	Ethyl.Hegmann33@yahoo.com	4456 Valley Road	Murrieta	Alaska	United Arab Emirates
51	Luther Walsh	175661	62-301185-872967-0	Allie.Pollich37@hotmail.com	59307 Olin Inlet	Serenityview	Wyoming	Estonia
52	Roland Sawayn	175666	63-823028-801258-9	Clare.Bins51@hotmail.com	454 Alexie Motorway	Alafaya	Louisiana	Democratic People's Republic of Korea
53	Bethany Beatty	175671	59-072168-523402-0	Anastacio_Metz@gmail.com	1534 Elvis Track	Miltonworth	Hawaii	Germany
54	Dr. Fred Littel	175676	78-664389-417487-6	River_Hamill2@gmail.com	2333 Park Road	Stantonstead	Rhode Island	Virgin Islands, British
55	Walter Cruickshank	175681	39-185992-655498-7	Blanca_Abbott-Rau70@gmail.com	5297 Harrison Street	Fort Isaias	New Jersey	United Arab Emirates
56	Mr. Ralph Roberts	175686	79-266869-754744-2	Rollin_Erdman@hotmail.com	57749 Graham Rest	West Aiden	Montana	Belarus
57	Miss Cecilia Pfannerstill	175691	21-280279-897252-0	Carmen59@hotmail.com	5114 Marquardt Ridge	Hacienda Heights	Illinois	Paraguay
58	Alfred Champlin	175696	27-261306-942657-6	Imani_Ratke@yahoo.com	797 The Sidings	Lake Merritt	Nebraska	Ireland
59	Dr. Cecil Goodwin	175701	73-535960-635539-6	Ernestina_Schuppe@yahoo.com	4904 Cormier Plaza	Fort Antoinette	Maryland	Guam
60	Jimmie Tromp	175706	24-495556-851748-7	Shanna_Hammes@gmail.com	6059 N 6th Street	Germantown	Nebraska	Colombia
61	Devin Nader	175711	60-341910-145467-9	Al_Watsica98@yahoo.com	4487 Alejandra Viaduct	Sandybury	Pennsylvania	South Sudan
62	Paulette Gerhold	175716	30-682665-315524-1	Delfina.Hamill-Ritchie92@yahoo.com	491 Newton Road	Zelmastad	Arizona	Tokelau
63	Josephine Gulgowski	175721	26-341842-413730-1	Christiana_Pfannerstill@hotmail.com	1911 Rowan Close	Lubbock	Pennsylvania	French Polynesia
64	Wendell Reichel	175726	35-165965-206220-7	Amaya_Hessel15@hotmail.com	7500 Kerluke Fords	North Bud	Oregon	Romania
65	Rosemarie Schamberger	175731	47-676734-983971-1	Telly.Kub70@hotmail.com	796 Ike Prairie	Galveston	New York	Czechia
66	Erika Boyer	175736	74-253028-943303-8	Robin89@gmail.com	7639 Giovani Burgs	East Josieworth	Virginia	Heard Island and McDonald Islands
67	Harold Schuppe	175741	54-403988-351729-5	Eugene_Ullrich@yahoo.com	28414 Greenholt Islands	Kieranworth	Texas	Cook Islands
68	Jean Heathcote	175746	95-275286-108993-0	Nettie1@yahoo.com	9107 Halvorson Vista	Fort Enochmouth	Kansas	Suriname
69	Alfredo Senger DVM	175751	24-276126-588310-3	Arthur59@yahoo.com	269 E 1st Street	Pourosfield	Tennessee	Tanzania
70	Milton Brakus	175756	57-460770-756120-3	Josefina65@yahoo.com	5442 Schultz Hill	Eastvale	Hawaii	Syrian Arab Republic
71	Rudolph Pollich	175761	82-695974-257036-8	Gustave_Lang12@hotmail.com	30957 Springfield Road	Iowa City	New York	American Samoa
72	Patti Shields PhD	175766	23-477658-574000-7	Camylle.Hoeger97@yahoo.com	4132 Balistreri Knoll	West Shirley	Rhode Island	Armenia
73	Greg Dach	175771	40-057571-876156-9	Wilton33@hotmail.com	530 Estell Rest	Murrayport	Illinois	Czechia
74	Jeannie Williamson	175776	49-607086-912755-9	Brady92@hotmail.com	304 Megane Views	DuBuqueville	New Hampshire	Iran
75	Shawna Sipes	175781	61-575384-384702-2	Jabari.Hauck@gmail.com	2672 Mount Pleasant	Myrltown	Nevada	Nepal
76	Wade Robel	175786	61-159048-492660-6	Sherwood36@gmail.com	224 Ritchie Point	Littelberg	Indiana	Libyan Arab Jamahiriya
77	Miss Betty Orn	175791	01-315999-985498-6	Reese_Cole69@yahoo.com	84989 Gottlieb Corners	New Jaden	Missouri	Ethiopia
78	Phyllis Frami	175796	92-217172-095921-6	Lowell.Bahringer7@gmail.com	143 Nico Tunnel	Eulaliafurt	Minnesota	Isle of Man
79	Cody Auer	175801	96-089310-216586-3	Patrick_Ortiz@gmail.com	34694 Kuphal Hills	Ames	Vermont	Zambia
80	Kathryn Wehner	175806	67-282077-845227-4	Nicholas4@yahoo.com	6737 Jenkins Ridges	South Myles	Colorado	Georgia
81	Harvey Watsica	175811	58-062461-234320-7	Norberto34@yahoo.com	714 Beech Close	Cathedral City	Michigan	Palau
82	Delia Towne	175816	62-060514-931889-7	Lysanne_Grimes3@yahoo.com	944 Grant Drive	Bednarborough	Alaska	Cuba
83	Shelia Gerhold	175821	15-481869-358844-3	Allen27@hotmail.com	1881 Labadie Forest	West Retta	West Virginia	Tuvalu
84	Violet Toy	175826	18-554598-085672-9	Cassandra58@hotmail.com	3850 Crist Points	Owensboro	Nevada	Bahrain
85	Jesus Hackett PhD	175831	98-513951-816481-4	Oran3@hotmail.com	253 Smitham Terrace	Miami Beach	New Hampshire	Finland
86	Russell Cormier	175836	18-019986-235595-7	Jamal_Stark22@hotmail.com	26063 Quarry Lane	Denesikville	Colorado	Cocos (Keeling) Islands
87	Elvira Rippin I	175841	01-723492-057060-9	Katelynn.Howell40@yahoo.com	567 Romaguera Union	Predovicville	Delaware	Togo
88	Tonya Mitchell	175846	96-404915-366966-9	Zachary.Balistreri@gmail.com	9936 Brekke Divide	Kodychester	New Hampshire	Senegal
89	Terry Hansen PhD	175851	38-419162-966102-9	Chris_Walker-Ondricka@yahoo.com	45148 Erwin Avenue	East Iciehaven	Texas	Gibraltar
90	Della Jacobi	175856	57-516534-347332-4	Cassandra_McLaughlin@hotmail.com	9327 Davis Estates	Oak Lawn	New Hampshire	Mozambique
91	Patsy Schuster	175861	97-203708-657397-5	Lauretta78@hotmail.com	9319 Grove Street	Jarrodstead	Rhode Island	Australia
92	Erik Towne	175866	60-226360-105102-8	Fred1@hotmail.com	96009 Dee Passage	New Lesliecester	Alaska	Greece
93	Lyle Rau	175871	94-063621-038146-7	Nayeli_Franey@gmail.com	82045 Jayme Fords	New Aliyahfurt	New Mexico	Sao Tome and Principe
94	Tom Bosco-Kunze	175876	37-607851-461311-8	Amparo.Sporer12@gmail.com	78983 North Street	Danteboro	Vermont	Russian Federation
95	Ms. Constance Zboncak-Grady	175881	20-363165-822544-3	King_Gibson61@hotmail.com	83132 West View	Tucson	North Dakota	Cocos (Keeling) Islands
96	Alejandro Paucek IV	175886	50-891953-417883-3	Kallie.Predovic@yahoo.com	4937 Brandy Squares	Jaskolskifield	Idaho	Gambia
97	Milton Robel	175891	24-073764-488599-5	Luther61@gmail.com	630 Ally Parks	East Adrianaton	Virginia	Liechtenstein
98	Alfred Buckridge	175896	64-479697-247464-2	Kiel.Carroll40@gmail.com	66128 Park Drive	Ferryville	Rhode Island	Uzbekistan
99	Alex Klein-Crona I	175901	54-596628-020672-7	Audrey.Jakubowski@yahoo.com	76128 W 9th Street	Hemet	Hawaii	Norfolk Island
100	Amelia Rosenbaum	175906	58-150623-038444-1	Darryl.Stokes1@gmail.com	9155 Roxane Pass	Laurianeberg	Louisiana	Grenada
101	Connie Carter PhD	175911	68-577504-723483-5	Annie58@gmail.com	7304 Johnny Ville	North Juanaview	West Virginia	Nigeria
102	Annie Simonis	175916	15-744181-567962-3	Magdalen63@gmail.com	93277 Bramley Close	East Stanley	Arkansas	Turks and Caicos Islands
103	Jeff Schroeder Sr.	175921	62-155774-873174-0	Albin.Lemke6@hotmail.com	82227 Maddison Villages	Lake Blakeport	Connecticut	Togo
104	Rebecca O'Connell	175926	67-493910-973291-1	Tad20@hotmail.com	8402 Little Skyway	South Roscoeworth	West Virginia	Djibouti
105	Mr. Marty Cole-Bradtke	175931	10-774281-052352-1	Fleta.Klein47@gmail.com	5570 Wolff Field	Edwardostead	Iowa	Cyprus
106	Hugh Bechtelar	175936	40-643045-770537-3	Karson.Erdman13@yahoo.com	6666 Turner Junction	Fort Flossie	New York	Bosnia and Herzegovina
107	Teresa Doyle	175941	04-073641-786205-0	Taurean_Hoppe31@hotmail.com	466 Mill Close	East Gunnar	Georgia	South Georgia and the South Sandwich Islands
108	Norma Hegmann	175946	22-742363-476389-1	Rosina.Dare66@gmail.com	54653 Shane Shoals	New Blanche	Hawaii	Senegal
109	Jeanette Haag	175951	56-972361-839523-0	Layla11@yahoo.com	620 Daren Knolls	North Kolbycester	Indiana	French Guiana
110	Mr. Joseph Langworth-Mohr	175956	93-005997-562078-3	Lenore_Stamm20@gmail.com	6087 E Broad Street	Waelchiview	Georgia	Morocco
111	Vickie Muller MD	175961	46-703063-272376-6	Winfield33@gmail.com	9721 Eli Wall	Geochester	Nebraska	United States of America
112	Wilbert Erdman	175966	94-950112-002189-5	Karina.Koepp54@gmail.com	67597 Frances Heights	Rosalynberg	Mississippi	Uruguay
113	Randy Von	175971	29-465735-001084-1	Ruthie.Romaguera71@hotmail.com	33322 Rahul Hill	North Arthurcester	Ohio	Ukraine
114	Geraldine Mayert	175976	06-208855-383264-3	Judge.Rogahn95@gmail.com	36338 Cedar Road	North Solon	Michigan	Costa Rica
115	Shane Tromp	175981	18-875888-847324-3	Neoma.Dibbert80@hotmail.com	1795 Horace Points	Pacochastad	California	Latvia
116	Anthony Koch	175986	72-388288-792906-2	Twila16@yahoo.com	6361 Highfield Road	Idellafield	Oregon	Mozambique
117	Damon Howe	175991	50-255609-654199-4	Vickie_Cruickshank85@gmail.com	707 Heath Glen	Schillerton	Florida	Bahamas
118	Iris Hilpert MD	175996	30-379337-445808-5	Lon.Considine88@hotmail.com	9099 Champlin Mews	Mesquite	Pennsylvania	Democratic Republic of the Congo
119	Andres Runolfsson	176001	40-546421-108146-7	Anderson40@hotmail.com	2064 Darby Landing	North Era	Alaska	Democratic Republic of the Congo
120	Oscar Kunde	176006	02-954112-595095-6	Kaela58@yahoo.com	101 O'Keefe Alley	Dawnshire	Texas	Eswatini
121	Cecilia Murphy	176011	95-296870-334357-0	Grayce28@yahoo.com	79161 Garrett Unions	Ogden	Minnesota	Guatemala
122	Henrietta Boyle	176016	61-799296-279630-9	Raheem.Wilkinson55@gmail.com	5211 N Water Street	Port Arno	Kentucky	Holy See (Vatican City State)
123	Adrienne Cronin	176021	24-534312-531938-3	Diego.Metz@hotmail.com	945 Shaun Ports	Lake Carolinaside	West Virginia	Bonaire, Sint Eustatius and Saba
124	Dexter Thiel	176026	10-538521-429428-1	Ayla43@hotmail.com	6171 Deckow Path	Aprilland	Texas	Fiji
125	Evan Crooks	176031	43-000256-079305-7	Sydnee_Franey80@yahoo.com	1788 McClure Path	Lake Sim	Massachusetts	United Kingdom
126	Jerald Schaefer	176036	83-477775-718683-3	Carey.Champlin@hotmail.com	886 E 1st Street	Littleton	Mississippi	Croatia
127	Mindy Hilll	176041	33-208011-932800-4	Carmella.Stanton@gmail.com	2832 Jammie Wall	Colorado Springs	Missouri	Greenland
128	Felicia Wehner I	176046	68-252115-850625-3	Clemens_Becker36@gmail.com	86045 Well Lane	Port Ludie	New Mexico	Cape Verde
129	Dr. Constance McDermott	176051	03-543382-576098-8	Francisco_Ferry71@hotmail.com	7979 Ondricka Rest	Leilaberg	Connecticut	Papua New Guinea
130	Blanca O'Reilly	176056	01-500683-972168-5	Howell_Kutch@gmail.com	760 Nels Field	North Bethesda	Maryland	Philippines
131	Jenna Lind	176061	74-435974-670272-0	Olen_Hills49@hotmail.com	45757 Low Road	Emilieview	Ohio	Sao Tome and Principe
132	Gertrude Bartell	176066	04-575154-612969-8	Marco55@hotmail.com	2098 Fahey Island	Shaniyaport	Nebraska	Republic of Korea
133	Garry Swift	176071	06-117374-757806-1	Rita.Erdman@hotmail.com	488 Dedric Fords	North Diegoton	Idaho	Angola
134	Mr. Freddie Waters	176076	20-066233-079593-6	Odessa_Maggio@yahoo.com	369 Eloise Centers	Lowebury	New Jersey	Falkland Islands (Malvinas)
135	Claudia Bogisich	176081	18-843498-107386-4	Guiseppe.Hickle@yahoo.com	57261 Rice Dam	Kochberg	Missouri	Saint Barthelemy
136	Gordon Wisozk-Cummerata	176086	88-981241-110694-5	Jaida19@hotmail.com	425 Juana Coves	West Madysonville	Pennsylvania	Zimbabwe
137	Dennis Kling	176091	02-539192-615116-2	Alfred_Rohan35@hotmail.com	831 Vicky Turnpike	Jaidaton	Alabama	Azerbaijan
138	Julius Hills	176096	64-981192-632403-6	Thad96@yahoo.com	1486 Moor Lane	South Jackiestad	Illinois	Saudi Arabia
139	Elias Harber	176101	72-767798-442793-7	Novella.Fritsch@hotmail.com	72309 Millie Island	Dearborn Heights	Arkansas	Trinidad and Tobago
140	Van Kessler	176106	14-322665-282507-5	Hallie_Tremblay@gmail.com	6677 Tianna Avenue	Harlingen	Rhode Island	American Samoa
141	Max Kohler-Skiles	176111	75-445406-599135-5	Alverta2@yahoo.com	95970 Rectory Lane	New Arch	Rhode Island	Democratic People's Republic of Korea
142	Ron Volkman	176116	54-264899-132080-6	Ally.Keebler@gmail.com	344 Glebe Close	Jacobsonmouth	South Carolina	Philippines
143	Toby Batz	176121	55-544997-598205-7	Coralie.Koch35@gmail.com	70398 Westgate	Huntsville	Illinois	New Zealand
144	April Witting	176126	58-970398-871709-4	Skye.Pfeffer1@gmail.com	398 1st Street	Gustside	North Carolina	Cyprus
145	Olive Larson	176131	05-804227-086692-7	Eden80@gmail.com	457 W River Road	Bechtelarshire	Wisconsin	Afghanistan
146	Maggie Kris	176136	82-479798-904174-9	Ubaldo_Crooks72@yahoo.com	68413 Howard Road	Pricefurt	Georgia	Cote d'Ivoire
147	Guy Murazik	176141	69-553481-358035-2	Rod_Mayer24@hotmail.com	8516 Alfredo Estate	Tonawanda	Pennsylvania	Turks and Caicos Islands
148	Dr. Eloise Wolff	176146	58-633056-102585-2	Lucy.Marvin-Goodwin90@yahoo.com	3816 Sasha Way	Port Tamara	Maine	Slovakia
149	Anita Smitham	176151	76-377600-593242-3	Lexus40@yahoo.com	9927 Ledner Glen	North Immanuel	Wyoming	Bahrain
150	Ginger Klocko	176156	26-620381-590642-4	Keely.Kirlin35@hotmail.com	73999 Shanie Ferry	Amiraberg	Louisiana	Romania
151	Miguel Lakin	176161	93-807780-638380-3	Susanna_Wilkinson@gmail.com	7658 Maple Avenue	Port Aaron	Connecticut	Bosnia and Herzegovina
152	Lauren Medhurst	176166	38-020436-991746-1	Tatum97@yahoo.com	23374 Nolan Valley	East Mustafa	Alaska	Macao
153	Mr. Kenneth Rodriguez	176171	32-633352-951605-8	Lance.Lynch@yahoo.com	34658 Bernier Course	Albertaville	California	Saudi Arabia
154	Dr. Sean Bergstrom	176176	42-712633-983842-5	Raul.Farrell52@gmail.com	473 Nyasia Lake	East Maxwellworth	New Jersey	Niue
155	Melinda Daugherty	176181	95-595635-491265-9	Afton.Walsh55@hotmail.com	8645 Metz Walk	New Pasqualeview	Maryland	Papua New Guinea
156	Willard Yost	176186	44-020190-565243-6	Dana.Effertz59@hotmail.com	98623 Murray Court	Port Tristonworth	Indiana	Romania
157	Chris West	176191	50-965956-654951-4	Don_Swift20@hotmail.com	254 Douglas Flats	Port Michaelville	South Carolina	Marshall Islands
158	Raymond Wiza	176196	43-467057-434897-1	Lurline78@gmail.com	8473 Nola Station	South Jessiestead	North Dakota	Israel
159	Melba Feest	176201	81-001618-266198-9	Violette_Emard@gmail.com	6032 Torey Plains	Fort Adriana	Colorado	Faroe Islands
160	Emma Moore	176206	33-176047-763591-5	Ashtyn.Zemlak@yahoo.com	93973 Lubowitz Wall	Oakland Park	Idaho	North Macedonia
161	Elias Keebler	176211	70-006094-561296-5	Trudie25@gmail.com	38576 Champlin Turnpike	Eloisaside	Maryland	Denmark
162	Milton Harris	176216	42-018011-428573-9	Tremaine.Rice73@hotmail.com	1959 Greenholt Highway	North Marciaburgh	Kentucky	Sri Lanka
163	Dr. Samuel Kunde DVM	176221	74-648215-913519-2	Johnson_Stokes@hotmail.com	73868 Mill Street	Busterchester	Minnesota	Cocos (Keeling) Islands
164	Nina Hills	176226	05-033829-177307-8	Toni.Jaskolski@yahoo.com	1524 Rogahn Springs	New Louisachester	Connecticut	Gambia
165	Duane Morissette	176231	82-278047-577312-6	Ryder_Wunsch12@gmail.com	28069 Frieda Villages	West Zacherymouth	New Jersey	Greenland
166	Ruby Emard	176236	93-192150-091072-5	Monserrate_Kihn@gmail.com	54205 Lizzie Mills	Fernandoland	Washington	Nigeria
167	Diane Kautzer	176241	34-188222-670414-5	Georgianna37@yahoo.com	221 Schmitt Extensions	Joliet	Massachusetts	Austria
168	Tami Brown	176246	13-456503-305823-2	Davion_Kirlin@hotmail.com	370 Leola Via	Paigeburgh	Texas	Rwanda
169	Darla Jones-Parisian II	176251	14-120499-749400-8	Ila_Fay-Gleason58@yahoo.com	83406 Kunde Centers	Connellyview	Mississippi	Palau
170	Jessie Stamm	176256	56-092035-847081-4	Alfonso_Herzog@hotmail.com	7740 Mraz Circles	Rauton	North Dakota	Haiti
171	Holly Hauck	176261	80-194159-895058-8	Maurice84@gmail.com	24177 Woodside	Kariannestad	Wisconsin	Botswana
172	Stacy Leffler Sr.	176266	26-166859-577267-2	Maryam40@gmail.com	828 Dessie Oval	New Alberto	Illinois	Mayotte
173	Charlotte Hackett	176271	27-587056-889975-5	Hilbert_Mayer69@hotmail.com	34638 Vito Neck	Handcester	Rhode Island	Tokelau
174	Heidi McKenzie	176276	83-155773-686188-5	Christine_Halvorson82@hotmail.com	815 N Main	Fort Katelynnfurt	North Dakota	Papua New Guinea
175	Ms. Felicia Gulgowski	176281	92-160606-442478-1	Theresia56@gmail.com	3151 University Drive	West Hank	Kentucky	Greenland
176	Wayne Mann III	176286	02-315336-310617-0	Keeley87@yahoo.com	3658 Willow Street	Lonieview	Virginia	Bulgaria
177	Dr. Austin O'Keefe	176291	94-640904-360911-4	Lemuel_Schroeder39@yahoo.com	74820 Bergnaum Crest	Coybury	California	Nepal
178	Elizabeth Kris V	176296	23-539183-336570-3	Jewel33@gmail.com	41949 Gail Green	Lake Carson	Michigan	Italy
179	Elmer Feil	176301	11-526617-867100-3	Orland.Dare@hotmail.com	797 N Harrison Street	Sandramouth	Alabama	Moldova
180	Julia Hermann	176306	49-933673-920856-5	Jazmyn60@hotmail.com	686 Orn Harbor	North Jordyhaven	Arkansas	Bahamas
181	Rafael Windler	176311	08-142343-514575-6	Corrine39@gmail.com	131 Metz Way	Fort Demetrius	North Dakota	Northern Mariana Islands
182	Mr. Alan Bechtelar	176316	30-682683-145379-9	Rollin4@gmail.com	3559 Spinka Walk	Pattieville	New Mexico	Guinea-Bissau
183	Desiree Hahn	176321	10-497315-239117-6	Alanna.Haley@yahoo.com	4981 Union Avenue	Blickborough	Connecticut	Jersey
184	Bernard Crona MD	176326	02-406460-244044-6	Eldridge_Johnson@yahoo.com	12126 Gerda Ferry	Port Veronica	Florida	Uganda
185	Raul Pouros	176331	65-614140-310408-5	Joannie.Haag@gmail.com	5880 Adrain Estates	Wildermanchester	Arizona	Martinique
186	Archie Ruecker	176336	90-769956-665734-5	Kiel.Runolfsson16@gmail.com	1887 Hillside Avenue	Thealand	Montana	Sierra Leone
187	Dr. Alex Rice	176341	93-844926-040005-2	Maynard_Gislason@hotmail.com	45145 Celestine Mount	Mittieburgh	Missouri	Kenya
188	Mario Keebler	176346	98-854680-411442-7	Reynold14@gmail.com	13670 Haylie Forge	New Noemi	Michigan	Fiji
189	Justin Wilkinson	176351	17-639120-868646-0	Virgil.Jast@yahoo.com	371 Windsor Close	Port Raul	Alabama	Vanuatu
190	Rodney Auer	176356	36-060620-504942-0	Clint_Schuppe52@yahoo.com	868 Fore Street	North Idellashire	Nebraska	Norfolk Island
191	Jack Leuschke	176361	75-310739-894777-2	Floyd25@yahoo.com	34498 Nellie Tunnel	Opalworth	Georgia	Mauritania
192	Sherri Kutch V	176366	56-900316-653859-2	Perry_Boyer@yahoo.com	986 S Jackson Street	Rowlett	South Dakota	Jamaica
193	Omar Gleichner	176371	92-380066-009053-8	Nannie.Jacobs@hotmail.com	4325 S Park Street	West Lorna	Ohio	Malaysia
194	Danny Cummings-Rempel	176376	01-311987-477579-7	Emma.Adams84@gmail.com	36900 Johns Camp	Alekborough	Kansas	Cocos (Keeling) Islands
195	Luz Mueller	176381	67-693856-872092-8	Carmel.Hansen74@yahoo.com	4971 Afton Trafficway	Genovevatown	Michigan	Bangladesh
196	Miss Edith Thompson	176386	94-082384-652221-5	Garrick86@yahoo.com	3888 Cronin Courts	North Audra	South Carolina	Burundi
197	Alexis Stark	176391	73-711420-072697-3	Maribel_Kshlerin78@yahoo.com	762 Hall Lane	Lawrence	Kansas	Palau
198	Kenneth Quigley	176396	24-564615-354909-7	Jazmyn.Lehner70@gmail.com	63135 W 14th Street	Graysonchester	Nebraska	Jamaica
199	Joel Haley	176401	40-307309-930433-9	Gus_Walker@hotmail.com	864 Isai Mountains	Mortonstad	South Dakota	Serbia
200	Amanda Padberg-Orn	176406	41-364937-244928-5	Vaughn_Murazik20@gmail.com	133 Cemetery Road	West Keyshawnfield	Nebraska	Democratic Republic of the Congo
201	Doreen Medhurst DVM	176411	11-450766-329817-9	Ernestina.Welch@gmail.com	775 Jerome Pines	Port Hillary	Wyoming	Kenya
202	Malcolm Muller	176416	66-211764-600328-6	Wilfred5@hotmail.com	201 Kole Hollow	Port Tamiaboro	Missouri	Aruba
203	Marion Muller-Friesen	176421	70-086338-845878-2	Jamaal.Bruen34@yahoo.com	7482 St Andrew's Road	Connellyton	Vermont	Guam
204	Marion Runte	176426	49-477734-497423-9	Lera_Will@gmail.com	666 Dickinson Passage	East Jalynton	Nebraska	Mali
205	Shannon Donnelly	176431	84-696870-818396-3	Magali_Koss-Schroeder5@hotmail.com	9988 Towne Circles	New Albinburgh	Virginia	Paraguay
206	Cora Daugherty	176436	17-293196-064218-7	Hildegard22@hotmail.com	16735 Waelchi Wall	Lake Felicia	Virginia	Norway
207	Tanya Deckow	176441	86-702801-785322-0	Deanna91@gmail.com	1560 Satterfield Circles	North Holly	Hawaii	Antigua and Barbuda
208	Mr. Jared Lind	176446	87-388649-338098-0	Nakia.MacGyver50@gmail.com	743 Cedar Street	Sporercester	Virginia	Guernsey
209	Gina Fay	176451	35-835558-655660-3	Gus.Bode40@hotmail.com	476 Delia Knoll	Deshawnville	Wyoming	Myanmar
210	Bradley Hoeger	176456	50-474475-012967-2	Sid_Willms@gmail.com	820 Allene Court	East Ricardocester	Rhode Island	Serbia
211	Ervin Beatty	176461	31-687300-287311-4	Caesar.Heathcote@hotmail.com	78726 N Broad Street	Keeblerhaven	Nevada	Nauru
212	Reginald Fisher	176466	19-861704-331331-4	Madelyn11@hotmail.com	22864 Santos Ports	Palm Bay	Georgia	Pakistan
213	Gerald Stamm	176471	43-870726-545526-3	Louvenia_Pacocha27@gmail.com	5275 Nikita Track	West Mittieton	Hawaii	Anguilla
214	Kelley Schumm	176476	61-109665-804116-4	Addison26@hotmail.com	3610 Austen Shoals	Aracelifurt	Wisconsin	Bolivia
215	Regina O'Reilly Sr.	176481	52-784589-576284-9	Desiree58@hotmail.com	25601 Rogahn Parkway	Beavercreek	Delaware	Lesotho
216	Ms. Phyllis Stamm	176486	07-317433-847573-9	Zion_Buckridge@hotmail.com	10680 Unique Cliffs	South Lacy	California	Fiji
217	Ms. Mona Bahringer	176491	50-424061-412410-8	Anais.Krajcik71@yahoo.com	24063 VonRueden Squares	Vonview	Wisconsin	Falkland Islands (Malvinas)
218	Mrs. Irene Hills	176496	19-970378-096220-5	Wilhelmine_Wyman69@yahoo.com	98119 Stanton Ferry	Gusikowskibury	Connecticut	Sri Lanka
219	Katrina Emard MD	176501	35-446370-271057-7	Lolita_Kuhn@yahoo.com	779 Marion Land	South Leone	Maine	Bhutan
220	Fredrick Hirthe	176506	78-515959-639747-6	Coralie99@hotmail.com	7002 Henri Mews	Herzogworth	Idaho	Denmark
221	Bill Mohr IV	176511	48-294673-481488-3	Susana.Krajcik@hotmail.com	12353 Ali Corners	Fort Lacy	New York	Ecuador
222	Josefina Sanford	176516	49-606801-588435-4	Adell.Cormier80@gmail.com	433 Emanuel Fields	North Madilyn	Alabama	Gibraltar
223	Mrs. Patricia Wuckert	176521	83-252250-845356-7	Malinda.Koelpin44@hotmail.com	93805 Altenwerth Glen	Baronberg	Virginia	Argentina
224	Dr. Rodolfo Bauch	176526	49-824024-244618-6	Maxime_Kuphal-Terry47@gmail.com	437 Anastacio Port	Champaign	West Virginia	Bahamas
225	Curtis Leffler	176531	13-526334-980801-6	Jamil.Fisher21@yahoo.com	30659 School Close	West Johnny	Virginia	Nepal
226	Cornelius Sporer	176536	84-038541-236471-2	Shemar_Prohaska25@hotmail.com	36673 Luettgen Path	Odellville	California	Monaco
227	Orlando Bayer	176541	90-751456-509378-2	Gabriel_Lueilwitz@hotmail.com	19343 Clint Path	Herbertburgh	Oklahoma	Zimbabwe
228	Miss Melody Torphy	176546	76-531701-470984-7	Taya26@gmail.com	15774 Jaydon View	Macon-Bibb County	Pennsylvania	Iraq
229	Hector Deckow	176551	20-908160-222282-9	Clementina_Hansen@gmail.com	30900 Ruthe Valleys	Lake Jamir	Montana	Spain
230	Alexander Schmidt	176556	88-319782-353270-6	Tanya.Bruen@hotmail.com	4422 Dariana Field	Chula Vista	Minnesota	Mauritania
231	Christina Gutkowski	176561	15-977641-433904-8	Miracle_Botsford@yahoo.com	1390 Philip Junction	New Kelsi	Missouri	Mexico
232	Miss Elisa Purdy MD	176566	79-708055-191624-9	Kaci_Waelchi@gmail.com	6369 Deonte Oval	Lake Ricohaven	Utah	Portugal
233	Guillermo Goyette	176571	57-183607-361193-7	Kelley.Shanahan@gmail.com	32262 Hickle Vista	Haroldport	South Carolina	French Guiana
234	Ms. Anna Heaney	176576	63-922852-547414-0	Guy.Mann@hotmail.com	89336 Quigley Islands	Aspen Hill	Washington	Japan
235	Florence Walsh	176581	59-241069-982965-6	Columbus_Adams@gmail.com	689 Haley Mission	South Waylonberg	Wyoming	Zimbabwe
236	Samantha Cronin	176586	59-744497-697289-2	Coralie68@hotmail.com	6755 Waverley Road	West Deonte	Missouri	Palestine
237	Mr. Irvin Leffler	176591	24-181407-051074-1	Lorna47@hotmail.com	461 South Road	Euless	Massachusetts	Lithuania
238	Cecil Johnston	176596	20-351408-481414-9	Harley_White-Frami68@gmail.com	8181 Aryanna Divide	Magdalenacester	Wisconsin	Malaysia
239	Mike Heaney	176601	60-626996-212107-4	Clotilde.McCullough@hotmail.com	12024 Johns Path	Turcottestad	South Dakota	Greece
240	Oliver Fritsch-Trantow	176606	87-472509-757723-8	Tina_Boyle@yahoo.com	11453 Emmerich Keys	Prosaccoburgh	Tennessee	Russian Federation
241	Leticia McLaughlin III	176611	55-475080-393171-6	Norberto.Rosenbaum@yahoo.com	9763 Dejon Groves	North Tommie	Utah	Georgia
242	Angelina Aufderhar	176616	72-056135-792151-9	Alena_Rowe35@hotmail.com	3612 Bartell Hollow	Dandrestad	Hawaii	Bonaire, Sint Eustatius and Saba
243	Byron Smith	176621	73-818501-200859-3	Claud_Stamm@yahoo.com	302 Cathrine Burgs	Port Serenaworth	Missouri	Azerbaijan
244	Dr. Charles Jones	176626	05-300784-304053-7	Weldon13@hotmail.com	97676 Reinger Meadow	Santa Rosa	Oklahoma	Kyrgyz Republic
245	Ms. Shari Cormier	176631	65-064123-641786-5	Guiseppe.Zboncak47@hotmail.com	85419 N Harrison Street	East Danikamouth	Mississippi	Uruguay
246	Terrance Fisher IV	176636	98-853488-646652-7	Deontae.Lakin-Wehner@yahoo.com	198 Jackie Spur	Bowie	Texas	Haiti
247	Dr. Steve Carroll	176641	61-759563-857603-7	Cordelia.Leannon@gmail.com	348 Wisoky Terrace	Anaheim	Nebraska	North Macedonia
248	Milton D'Amore	176646	51-498393-920564-3	Oscar25@hotmail.com	29014 Hilbert Club	Hughland	Pennsylvania	Guinea
249	Oliver Feest	176651	38-610976-701438-7	Tremaine_Hintz83@gmail.com	341 West Lane	Fort Karabury	Illinois	Indonesia
250	Alexander Barton	176656	34-664859-127703-2	Dangelo88@gmail.com	5990 Gerard Village	Avaview	Oregon	Bangladesh
251	Miss Elizabeth Mosciski	176661	73-270337-607902-0	Casimir_Schiller@hotmail.com	81486 Tina Throughway	North Krystalview	California	Christmas Island
252	Dr. Aaron Johnston	176666	67-799118-868126-8	Jared_Baumbach@yahoo.com	76798 School Lane	South Diegostad	Texas	Bulgaria
253	Judy Fay	176671	24-207358-906036-2	Orpha22@gmail.com	9564 Chapel Hill	Casa Grande	Tennessee	Jordan
254	Brandy Cremin	176676	68-926187-737255-3	Jack23@gmail.com	5797 Von Turnpike	Pine Bluff	Georgia	Kiribati
255	Toby Runolfsdottir	176681	27-230883-258980-6	Manuela.Breitenberg24@hotmail.com	47402 St Andrew's Road	Florissant	Rhode Island	Guyana
256	Daniel Boehm	176686	73-663737-654418-5	Joany72@yahoo.com	859 Hermiston Shoal	Fort Maechester	New Mexico	Faroe Islands
257	Sandy Durgan	176691	90-814198-473427-2	Golden.Bode@yahoo.com	9040 Clinton Street	Percivalcester	Colorado	Slovenia
258	Dr. Ian Wisoky IV	176696	15-710144-932986-8	Alize36@yahoo.com	1228 Sadye Rapids	Feeneyfort	New Jersey	Andorra
259	Beatrice Wehner	176701	34-390471-347099-4	Kaylin_Hoppe69@gmail.com	19162 Orchard Drive	Oberbrunnerboro	Vermont	Maldives
260	Edith Lemke III	176706	49-532919-580739-6	Samson72@gmail.com	5567 Willow Grove	Wheaton	North Carolina	Armenia
261	Blanche Ruecker	176711	28-697657-346569-3	Leora13@yahoo.com	9162 Well Lane	Lake Lauryn	Wyoming	Bahrain
262	Mona Little-Smith	176716	23-387336-636193-8	Annabelle_Stamm46@yahoo.com	689 Strosin Overpass	Waldorf	New Jersey	Paraguay
263	Randall Smitham	176721	59-115300-525292-1	Kevon43@gmail.com	9679 Jena Extension	Port Hayliecester	New Hampshire	Niger
264	Kayla Rath	176726	98-020025-770962-6	Genesis92@yahoo.com	7550 College Avenue	South Angus	Missouri	Suriname
265	Frances Ryan	176731	39-836998-201690-8	Elroy.West85@gmail.com	239 1st Street	North Nolan	South Carolina	Falkland Islands (Malvinas)
266	Jacqueline Tremblay Sr.	176736	07-431730-151278-5	Lula.Hettinger@hotmail.com	5263 Jacobson Walk	Ryanfort	Arkansas	Belgium
267	Dr. Catherine Batz	176741	91-847180-119796-7	Hayley_Douglas7@yahoo.com	26146 Commerce Street	Beaumont	Massachusetts	Liechtenstein
268	Dana Kuhlman	176746	81-564063-446301-0	Greg60@hotmail.com	7050 Koepp Knoll	Dixiefort	Hawaii	Czechia
269	Kerry Daniel	176751	93-302812-006274-3	Kurtis49@yahoo.com	591 Prince Tunnel	Kissimmee	Missouri	Nicaragua
270	Jacqueline Rosenbaum	176756	81-961132-003667-1	Ayana.Hessel86@hotmail.com	31180 Schmeler Crossroad	Anastasiastead	Montana	Ethiopia
271	Jimmy Mills	176761	00-237831-651918-8	Florence.Beahan91@hotmail.com	41392 Grove Lane	Wildermanburgh	South Carolina	Moldova
272	Dr. Ada Johns	176766	55-796814-864250-2	Emely.Gibson32@gmail.com	5744 Nelson Street	Athens-Clarke County	Nevada	Saint Martin
273	Mattie Hoppe	176771	30-371749-604839-1	Casey_Zemlak@hotmail.com	9097 Christiansen Creek	Auburn	California	Suriname
274	Dave Armstrong	176776	67-595573-695918-9	Idella_Borer31@hotmail.com	72650 Wren Close	Herminioville	Mississippi	Peru
275	Marcia Christiansen	176781	93-921051-030563-5	Ubaldo.Vandervort56@hotmail.com	590 W 10th Street	Trujillo Alto	Oregon	Nigeria
276	Dwayne Gleichner	176786	18-719768-668474-6	Robert_Funk92@yahoo.com	6416 Ritchie Circles	Frankcester	Hawaii	Romania
277	Lester Ankunding	176791	79-301958-323868-9	Miller44@gmail.com	6635 Domenick Extension	Port Francescoville	Ohio	Saint Barthelemy
278	Dominic Nikolaus V	176796	67-892341-886771-3	Bridie18@hotmail.com	48597 Hassie Heights	South Woodrowfort	Texas	Brunei Darussalam
279	Herbert Hansen	176801	32-695072-053404-2	Marshall93@yahoo.com	108 Wiegand Coves	Lake Bernadine	Texas	Gibraltar
280	Angelo Osinski	176806	18-370183-282866-1	Catharine_Bernhard@hotmail.com	6091 Nils Loop	Gleichnerview	Maryland	China
281	Rachael Abshire	176811	59-742634-626449-8	Cecilia_Bradtke52@yahoo.com	35198 Cormier Villages	South Dion	North Dakota	El Salvador
282	Antoinette Schiller Sr.	176816	38-628288-240328-8	Bobbie40@gmail.com	8340 Kathlyn Harbor	Fort Brenda	Pennsylvania	Cayman Islands
283	Don Turner	176821	83-908767-836182-9	Abby35@hotmail.com	1605 Ebert Drive	Lake Mitchell	Kentucky	Macao
284	Mrs. Caroline Greenfelder	176826	66-311841-731204-6	Lucienne70@gmail.com	3147 Green Lane	Connport	New Mexico	Israel
285	Calvin Glover	176831	44-321602-067083-9	Jany75@gmail.com	17053 Manor Close	West Elbert	Indiana	Philippines
286	Rosa Dickens	176836	94-343980-112617-8	Jace_Mertz21@gmail.com	685 Maggio Plain	Strackeshire	New Mexico	Marshall Islands
287	Nora Crist	176841	19-180125-353252-7	Maia63@yahoo.com	70948 Lake Road	South Wilhelmine	Virginia	Greece
288	Alvin Walsh	176846	57-775029-243820-0	Alfonso_Hudson@yahoo.com	8802 Arthur Hill	Chattanooga	New York	Norway
289	Grady Ziemann	176851	74-828284-724360-8	Ambrose_Gulgowski@gmail.com	972 Deontae Island	South Earnestineton	North Dakota	Panama
290	Elsie Streich	176856	13-425983-800960-4	Milford.Kemmer-Jacobs@yahoo.com	61496 Lemuel Highway	Port Charles	Oregon	Wallis and Futuna
291	Dr. Randal Ritchie III	176861	97-864908-007319-2	Mustafa_Prohaska8@yahoo.com	12725 Rosa Island	Lake Lurabury	New Hampshire	Haiti
292	Dr. Darryl Johnston	176866	99-785655-258073-0	Alexa20@yahoo.com	516 Sigmund Light	Kendraworth	Rhode Island	Dominican Republic
293	Dr. Nellie Kunze	176871	95-717729-657080-6	Lenna.Pagac76@yahoo.com	6248 Taylor Well	Fort Octavia	Washington	El Salvador
294	Stacey Jones	176876	41-624908-356911-2	Holden95@hotmail.com	39959 Veterans Memorial Drive	West Trudie	Indiana	Faroe Islands
295	Mrs. Tara Lynch	176881	98-976108-727308-4	Angelo.Orn@gmail.com	8502 O'Keefe Overpass	South Krystal	Kentucky	Venezuela
296	Luis Hahn Jr.	176886	69-636376-808137-5	Maynard74@hotmail.com	8344 Erwin Crossroad	Swaniawskifield	Colorado	San Marino
297	Miss Kristy Frami	176891	01-098171-753227-8	Vicky96@hotmail.com	6079 Grady Hollow	Hegmannton	North Carolina	Saint Martin
298	Billie Osinski	176896	28-014565-606987-3	Destiny_Leannon@yahoo.com	46876 Hardy Estates	South Jordan	Louisiana	Eritrea
299	Holly Goodwin	176901	22-923769-303232-1	Romaine_Erdman@gmail.com	43158 Jarod Lights	West Laurelborough	New Mexico	Mauritania
300	Becky Schroeder	176906	28-766526-577442-6	Althea.Zboncak79@hotmail.com	7925 Diamond Meadow	Jakobborough	Arkansas	Saudi Arabia
301	Lamar Botsford	176911	49-230258-161835-7	Judy_Grant@yahoo.com	118 Payton Plaza	Lake Archibaldfort	Massachusetts	Puerto Rico
302	Jason Hauck	176916	26-626481-451602-8	Beatrice96@yahoo.com	33287 Woodlands Road	Rupertside	Kentucky	Jamaica
303	Katherine Emard	176921	06-871952-860238-0	Ambrose79@hotmail.com	16869 Cliff Road	Auburn	Oregon	Kazakhstan
304	Doyle Kling	176926	06-841531-481634-8	Fatima_Murazik30@yahoo.com	545 Nicolas Villages	Maurineview	West Virginia	Nicaragua
305	Peggy Donnelly	176931	46-032059-794454-0	Zackery.Treutel6@gmail.com	837 Jubilee Close	Fort Roman	Georgia	Western Sahara
306	Deanna Marvin	176936	83-701585-872075-5	Greta.Beatty@hotmail.com	92817 E Park Avenue	North Rosaworth	Arizona	Comoros
307	Scott Ortiz	176941	27-853075-796052-2	Betsy7@gmail.com	6174 W Center Street	Jazminberg	South Dakota	Saint Kitts and Nevis
308	Tabitha Wiza	176946	39-650099-659811-7	Dannie_Romaguera@hotmail.com	98762 Albertha Fork	Jakubowskiworth	Nebraska	Comoros
309	Mercedes Stamm	176951	81-194043-226194-5	Lucinda.Considine@yahoo.com	219 Manor Road	San Bruno	Kentucky	Nauru
310	Tom Dibbert	176956	98-791675-659173-5	Peggie.Toy88@yahoo.com	62618 Castle Lane	Lake Euna	Kentucky	Saint Lucia
311	Marcos Tremblay	176961	19-884625-990246-6	Krista.Gulgowski94@hotmail.com	801 Jaskolski Lock	Creminshire	New York	Mongolia
312	Traci Baumbach	176966	21-836850-312141-9	Emilia_Schuppe@gmail.com	8054 Darrick Cliff	Hollywood	Pennsylvania	Cyprus
313	Herbert Ryan	176971	17-998247-897913-5	Mara.Wunsch87@hotmail.com	6801 Old Lane	Lake Myriamburgh	Vermont	Cyprus
314	Dr. Terrance Funk	176976	10-136639-547024-1	Sedrick95@gmail.com	261 Ivory Rapids	New Myriamfield	Connecticut	Poland
315	Jeanne Rempel	176981	78-212929-451822-1	Millie.Hermiston36@hotmail.com	470 Dale Street	Delray Beach	Florida	Lithuania
316	Tracy Gerhold	176986	56-412289-135971-3	Anissa67@hotmail.com	60548 Pedro Burgs	Camillastead	Tennessee	Seychelles
317	Traci Hodkiewicz	176991	22-507058-463308-7	Timothy_Schinner33@yahoo.com	2367 Zander Cove	Euclid	Oklahoma	Nauru
318	Flora Jaskolski	176996	50-573079-994785-0	Asia_Casper@gmail.com	466 Reinhold Lakes	Karellehaven	South Carolina	Hungary
319	Ramiro Boehm	177001	01-101207-862807-2	August91@gmail.com	92704 Beahan Overpass	South Greta	Kentucky	Central African Republic
320	Barbara Stoltenberg	177006	19-633361-751081-2	Manuela32@hotmail.com	657 Old Road	Mertzland	Arkansas	Botswana
321	Annette Mills	177011	24-383550-793273-5	Fay.Ritchie@yahoo.com	83079 Veda Canyon	East Dexter	Nevada	Germany
322	Santiago Sporer	177016	76-194878-072317-6	Kellen.Mosciski14@hotmail.com	46703 Maverick Estates	Littlefort	Arizona	Heard Island and McDonald Islands
323	Ms. Kim Nicolas	177021	03-208103-137502-7	Johnnie_Crona@yahoo.com	307 King View	West Jordan	Kentucky	Sint Maarten
324	Harriet Jerde	177026	48-950046-330990-5	Andreane.Harber@gmail.com	397 N Main Avenue	Blandaberg	Idaho	Gabon
325	Lynette Bogan-Sawayn	177031	76-074620-825144-5	Alison_Wisozk70@gmail.com	60195 Lori Burgs	West Jeanette	Wisconsin	New Caledonia
326	Bradley Jones	177036	20-302175-944293-3	Curtis75@gmail.com	8188 Grand Avenue	North Brent	Kansas	Malaysia
327	Allen Senger	177041	49-246829-207003-8	Aleen_Lesch83@hotmail.com	3860 Vicarage Close	Ruthberg	Idaho	Sri Lanka
328	Neil Kutch	177046	45-554603-970252-9	Carter79@hotmail.com	5038 King Knolls	New Kelton	New Jersey	Ethiopia
329	Sean Breitenberg	177051	05-726681-060240-8	Santa18@gmail.com	82698 Candelario Lock	Casandratown	Kentucky	Samoa
330	Faye Sipes I	177056	50-662595-744293-5	Newell_Krajcik9@yahoo.com	258 O'Hara Avenue	East Grayson	Vermont	Canada
331	Danielle Howe	177061	39-857593-673110-9	Woodrow_Mann75@yahoo.com	614 E 11th Street	Rosamondfield	Florida	Barbados
332	Dr. Lydia Rowe II	177066	33-523938-562714-6	Christina49@gmail.com	1986 Lesley Freeway	Americostad	Michigan	Jersey
333	Mrs. Ora Goyette	177071	74-675240-336984-1	Allene.Johnston@yahoo.com	4803 Abbey Road	Lake Gladys	West Virginia	Argentina
334	Dr. Bernard McLaughlin	177076	61-329131-032778-2	Ernie93@hotmail.com	55504 State Street	Nevamouth	Idaho	Dominican Republic
335	Jenny Bradtke	177081	49-907716-151493-6	Silas20@hotmail.com	215 Cummings Oval	Lake Mae	Oregon	Guyana
336	June Parker	177086	82-672597-264982-0	Roel_Roberts@hotmail.com	249 Keebler River	Neomacester	Wyoming	South Africa
337	Gertrude Will Jr.	177091	79-025513-330612-0	Alexzander92@hotmail.com	111 Wunsch Curve	Eastvale	Ohio	Armenia
338	Lillian MacGyver	177096	69-000951-039524-3	Lelia62@hotmail.com	658 Goldner Pass	Anderson	Rhode Island	French Polynesia
339	Darlene King	177101	56-655816-722432-1	Jonathan_Towne@gmail.com	48396 W South Street	Cormierstad	Kansas	Russian Federation
340	Dr. Caleb Torphy	177106	88-983225-249113-1	Deron_Cruickshank-Heller@hotmail.com	118 Gleason Park	Port Golda	Kentucky	Malawi
341	Terrence Reichel	177111	52-187970-747224-4	Lloyd85@gmail.com	745 The Lane	Santee	Hawaii	Comoros
342	Kelli Schiller	177116	57-278087-221932-9	Lavada_Kling5@hotmail.com	89306 Lubowitz Field	New Marielle	West Virginia	Djibouti
343	Micheal Rath	177121	32-048035-443206-1	Maureen82@gmail.com	65193 Klocko Centers	Trantowmouth	Virginia	Tanzania
344	Freda Sawayn	177126	15-703683-046289-6	Berniece23@gmail.com	2241 The Poplars	North Thadberg	South Dakota	Luxembourg
345	Nicholas Robel	177131	23-508395-567431-5	Cheyenne92@gmail.com	3644 Trantow Tunnel	Port Alayna	Maine	Angola
346	Mrs. Tonya D'Amore	177136	17-181468-905797-1	Amir52@hotmail.com	409 Heidenreich Shores	West Gwendolynfurt	Pennsylvania	Canada
347	Miss Antonia Kris	177141	94-903744-541420-0	Alisa.Yundt5@hotmail.com	98437 College Street	East Emileworth	Wisconsin	Estonia
348	Ms. Mae Cummerata	177146	25-432456-006509-3	Shyann42@gmail.com	3448 Honeysuckle Close	Rosemead	Delaware	Tuvalu
349	Ashley Skiles	177151	70-224818-287183-6	Tatum79@hotmail.com	750 E 3rd Street	Livonia	Colorado	Greece
350	Bridget Lesch	177156	09-593107-983052-9	Sincere0@gmail.com	94430 Cherry Close	Laurettafurt	Iowa	Azerbaijan
351	Clinton Schiller	177161	74-698412-719938-2	Gianni76@yahoo.com	9788 Colton Streets	Lake Trentonhaven	Arizona	Faroe Islands
352	Abel Welch	177166	67-096361-972385-9	Rosanna91@gmail.com	444 Osborne Ferry	North Alboro	Wyoming	Saint Martin
353	Leona Franey	177171	09-362919-527466-1	Orion.Bins@yahoo.com	5618 Ruben Neck	New Toy	Alaska	Morocco
354	Randy Macejkovic	177176	03-178494-847282-6	Charles.Bruen@hotmail.com	70609 Nelson Road	Fort Daphneyville	Florida	Mali
355	Cornelius Koelpin	177181	15-935662-139146-0	Angeline26@yahoo.com	63809 Goldner Islands	Bethlehem	Utah	Costa Rica
356	Gail Crist	177186	26-352203-827719-5	Bailee14@hotmail.com	90155 Reichert Spurs	South Hill	Virginia	Ghana
357	Freda Wiegand	177191	12-953426-348138-8	Helena_Stokes41@gmail.com	3232 Abernathy Point	South Darenhaven	Texas	Trinidad and Tobago
358	Claire Bogisich	177196	69-581110-057453-2	Guadalupe.Skiles26@yahoo.com	2458 Pacocha Cliffs	Trantowfield	Alaska	Isle of Man
359	Nina Rippin	177201	27-842333-157505-9	Liana_Morar@hotmail.com	1513 Birch Grove	Jaynetown	Florida	Myanmar
360	Marsha Lebsack	177206	73-295103-555337-8	Emilio12@yahoo.com	4322 Brekke Mount	North Alexandroberg	Wisconsin	North Macedonia
361	Melody Prosacco	177211	15-576900-405965-8	Mikel68@hotmail.com	118 Park Avenue	West Madison	California	Chad
362	Joyce Hoeger	177216	84-626827-686666-3	Katrine_Kuvalis@hotmail.com	980 Schmeler Light	Heberchester	Hawaii	Mauritania
363	Lynn Hamill-Padberg	177221	27-501889-150724-6	Lonny.Abernathy91@gmail.com	86419 Brook Walk	Goyettestad	Louisiana	Micronesia
364	Gabriel Zieme Jr.	177226	60-926359-327801-2	Cordell_Fay69@gmail.com	2046 Bosco Ford	Marquardtside	New Mexico	Cameroon
365	Dr. Caroline Reichert	177231	75-363405-711371-9	Kelsi31@hotmail.com	80677 Lilly Village	Lake Ewellberg	North Carolina	Ukraine
366	Gene Rutherford DVM	177236	64-504756-986281-8	Devin73@yahoo.com	36705 Stanley Brook	Faybury	Alabama	Singapore
367	Christie Shanahan	177241	35-115395-404841-1	Jairo_Walsh92@hotmail.com	73591 Deckow Trace	Port Alexandriastad	Wyoming	Guinea
368	Domingo Feest	177246	67-875203-210695-4	Ida_Rohan43@yahoo.com	18340 Benton Trafficway	Kuphalfield	New Jersey	French Polynesia
369	Dr. Kelly Gutmann	177251	19-771835-286874-9	Joshua_Kozey82@gmail.com	5404 Greenfelder Rapid	Mesa	Rhode Island	Cocos (Keeling) Islands
370	Wayne Veum	177256	51-199445-638245-2	Owen68@hotmail.com	5471 Ivory Spring	Arcadia	Tennessee	Iraq
371	Carroll Prohaska PhD	177261	60-880829-428078-1	Danial.Greenfelder@gmail.com	263 Therese Meadows	West Cheyenne	Pennsylvania	Chile
372	Crystal Durgan	177266	36-708976-736749-3	Erwin.Toy@gmail.com	5633 Harrison Avenue	Rutherfordshire	North Dakota	Liberia
373	Florence Bartoletti-Gislason	177271	97-941032-273157-9	Abbie.Beatty@yahoo.com	377 Magdalena Center	Lake Cotyberg	New York	Algeria
374	Janet Goldner	177276	76-184074-354994-9	Chelsea.Hayes@hotmail.com	24895 Bruen Valleys	East Eleanore	Delaware	Saint Martin
375	Pat Walsh	177281	34-250522-297741-0	Daniella_Rohan@hotmail.com	976 Murray Lane	East Woodrow	South Dakota	Svalbard & Jan Mayen Islands
376	Lewis Frami I	177286	81-820172-296660-9	Vallie65@gmail.com	63574 West Village	Selenaport	New Hampshire	Gambia
377	Carla Anderson	177291	86-992524-457701-9	Flavie.Morissette@yahoo.com	190 E Park Avenue	North Vincentbury	Virginia	Belgium
378	Dr. Norman Bechtelar	177296	95-224098-488271-2	Miguel_Klocko@hotmail.com	652 Hoeger Lane	East Carolanneport	Oklahoma	Tokelau
379	Mabel Carter	177301	46-888529-897425-3	Nigel_Purdy73@hotmail.com	9904 Terry Islands	Klington	Pennsylvania	Chile
380	Jamie Hayes	177306	29-048116-323293-8	Nya48@hotmail.com	8670 Barton Roads	West Alveratown	Utah	Georgia
381	Oliver Huel	177311	83-003516-553194-0	Jessyca75@gmail.com	14414 Grove Road	Lake Angelaton	Tennessee	Eritrea
382	Myra Skiles III	177316	50-111881-658889-5	Lou.Reynolds@gmail.com	3282 Hillside	Allen	Oklahoma	Switzerland
383	Courtney Terry	177321	49-695454-104770-9	Candace84@hotmail.com	2393 Walnut Close	Balistreriborough	Utah	Georgia
384	Courtney Kling	177326	33-022935-698337-5	Orval_Wisozk@gmail.com	334 W Washington Street	South Rex	New York	Spain
385	Kay Ruecker	177331	26-367101-828548-6	Roberta.Feeney4@yahoo.com	73096 Kunde River	Downey	New Mexico	Virgin Islands, British
386	Dr. Cornelius Schumm	177336	89-844187-289281-6	Asa37@gmail.com	94286 Turcotte Estate	North Stone	Illinois	Bouvet Island
387	Dr. Jackie Miller	177341	72-747222-179111-7	Kristy16@yahoo.com	376 Westgate	Longview	Oklahoma	Poland
388	Kathy Koepp	177346	54-268454-776210-0	Jammie_Nicolas@gmail.com	73742 Gonzalo Oval	Liaview	Oregon	South Georgia and the South Sandwich Islands
389	Mrs. Emma Barrows	177351	50-039889-279449-9	Viola9@hotmail.com	32105 E South Street	Port Jarrod	California	Malaysia
390	Desiree Ratke III	177356	89-096670-682228-0	Bria16@hotmail.com	581 Toy Valleys	Port Lysanne	Idaho	Belgium
391	Ed Brakus	177361	14-743502-197401-1	Emilio_Ondricka61@yahoo.com	704 Batz Streets	Ovaside	Maryland	Guyana
392	Freddie Mosciski	177366	22-486339-333350-6	Jennifer.Schaefer@yahoo.com	3238 Milo Wells	New Willa	Pennsylvania	Belarus
393	Judith Pacocha	177371	67-156090-112723-4	Jamaal67@hotmail.com	29523 Durgan Ramp	Jasttown	Nebraska	Nicaragua
394	May Kiehn PhD	177376	21-603404-013009-7	Jamey_Nolan34@gmail.com	7697 Gayle Crescent	Meggiehaven	Alabama	Cape Verde
395	Joan Schulist	177381	89-390308-052186-2	Isobel67@yahoo.com	270 N 1st Street	Fargo	New York	Sint Maarten
396	Mr. Theodore Lowe	177386	48-340396-433814-1	Moshe78@hotmail.com	79775 Jackson Street	Ziemechester	New Mexico	Democratic People's Republic of Korea
397	Willard Cronin	177391	35-543257-384667-8	Vernice_Hartmann@yahoo.com	17235 Harrison Street	North Maritzastead	Nebraska	Burkina Faso
398	Mr. Lionel Kilback MD	177396	93-663173-958967-0	Arnold95@yahoo.com	1215 The Drive	East Lelah	Kansas	American Samoa
399	Bryan Bahringer	177401	39-564146-751493-5	Lessie.Ullrich@hotmail.com	2152 Adrain Wells	Lake Armand	Nevada	French Polynesia
400	Lauren Goldner	177406	30-001602-011548-4	Ashlee_Parker85@hotmail.com	5130 Quitzon Flats	South Bend	South Carolina	Macao
401	Leo Moore	177411	64-697081-131512-0	Charity.Carter15@hotmail.com	6703 Maple Close	East Hector	Oregon	Falkland Islands (Malvinas)
402	Doyle Schneider PhD	177416	65-162490-537120-8	Jacques58@hotmail.com	26677 Feil Stream	Moenberg	Pennsylvania	Puerto Rico
403	Guadalupe Simonis	177421	63-161946-004323-9	Evie.Walter@yahoo.com	7952 The Mews	Jasenborough	Colorado	Pakistan
404	Jeanne Kohler	177426	77-482652-694384-2	Ally.Gulgowski@yahoo.com	83775 Annette Mills	Laurianechester	Hawaii	Uruguay
405	Homer Franey	177431	11-348700-199374-3	Adelbert_Yundt@hotmail.com	7146 Old Lane	Lake Louchester	Delaware	Albania
406	Kevin Denesik	177436	99-536043-935830-5	Athena.Christiansen24@yahoo.com	1196 The Sidings	Lyricfurt	Pennsylvania	Panama
407	Gertrude Feil	177441	37-219202-226413-4	Donna32@gmail.com	59827 Pouros Ferry	Margate	Kentucky	Dominican Republic
408	Geoffrey Kautzer	177446	29-373309-589583-7	Caterina_Zemlak14@gmail.com	90544 12th Street	Aliceshire	Vermont	Comoros
409	Dean Stokes	177451	09-022953-865448-0	Corene_Kertzmann@yahoo.com	20519 Maureen Mount	Shadstad	Nevada	Zimbabwe
410	Anna Kris	177456	64-192994-887226-7	Emely.Bartell@gmail.com	1385 Rahsaan Bridge	Tracyport	Pennsylvania	Iran
411	Mr. Clay Kunde	177461	36-144588-456892-4	Martina_Wilkinson@hotmail.com	529 Douglas Rapid	Glendale	Mississippi	Papua New Guinea
412	Joan Renner	177466	93-959898-391723-7	Juvenal_Hintz@hotmail.com	2865 Stracke Fields	Dachbury	Indiana	Burundi
413	Dr. Luis Sawayn	177471	16-033306-876702-0	Monique.Brekke@gmail.com	2555 Coronation Avenue	Robelboro	Arkansas	Benin
414	Dale Batz	177476	23-078839-712074-4	Ebba.Boehm46@hotmail.com	73320 Parker Turnpike	Brodytown	Massachusetts	Eritrea
415	Rogelio Leannon	177481	93-648593-611111-3	Eryn_Christiansen-Lebsack@hotmail.com	37688 N Walnut Street	Langport	Kansas	Iran
416	Christina Veum	177486	69-018089-067971-0	Rafael.Bogan71@yahoo.com	4766 Gorczany View	Orem	Oklahoma	Nicaragua
417	Faye White	177491	55-508929-566231-8	Hettie61@gmail.com	2239 Towne Groves	North Gregoryberg	Nebraska	Equatorial Guinea
418	Charlie Bartoletti	177496	58-648128-977030-1	Joany76@gmail.com	4037 Jackson Avenue	Fort Lillianland	Hawaii	Marshall Islands
419	Roberta Murazik	177501	56-045499-923432-2	Adela.Pollich38@gmail.com	895 Grant Bypass	East Karlton	West Virginia	Estonia
420	Lucy Will	177506	46-476124-696258-9	Justine_Braun@yahoo.com	30917 Dach Fork	Romabury	New York	Equatorial Guinea
421	Mae Jones	177511	22-205577-864486-0	Ethel62@gmail.com	47211 S Mill Street	West Mina	Hawaii	Isle of Man
422	Thomas Funk-Carter	177516	30-451471-633547-9	Bessie.Runte55@yahoo.com	192 Hyatt Ford	Lake Ariport	Massachusetts	Brunei Darussalam
423	Eileen Balistreri	177521	84-862737-810041-2	Jordyn_Kunde72@yahoo.com	151 Tyson Fields	North Skyla	California	Barbados
424	Tracy Goodwin	177526	40-853943-044090-4	Gail.Huels@gmail.com	97763 Alysson Ramp	East Rupertport	Michigan	Russian Federation
425	Cathy Jerde	177531	75-290618-826197-6	Matteo24@yahoo.com	23040 Sylvester Pine	Madison	Indiana	Guinea
426	Mrs. Jackie Swift DVM	177536	99-356667-812474-3	Jerald_Ernser@hotmail.com	47683 Dameon Run	North Albertha	Missouri	Saint Vincent and the Grenadines
427	Renee Wiza	177541	92-383070-968764-8	Cristina81@yahoo.com	109 Gottlieb Circles	West Jacquelyn	New Mexico	Aland Islands
428	Devin Fahey MD	177546	70-427317-578332-5	Rogers.DAmore7@yahoo.com	40990 Oxford Street	Lake Eunabury	New Jersey	Georgia
429	Dianna Dickens	177551	24-228156-423463-5	Iliana_Witting53@gmail.com	81239 Kihn Path	East Dwight	Illinois	Montenegro
430	Dr. Jose Christiansen	177556	47-158972-881631-7	Wyatt.Kulas51@hotmail.com	8618 Mulberry Street	East Bennytown	Oklahoma	Trinidad and Tobago
431	Levi Hamill DDS	177561	31-877174-440242-4	Hilbert.Keebler@gmail.com	5831 Skiles Hollow	Beahanview	Pennsylvania	Belize
432	Tom Hyatt	177566	64-289886-960566-8	Megane.OKon@gmail.com	20641 Hayes Ports	New Nikoview	Vermont	Niger
433	Andrew Murray	177571	65-476021-252524-8	Steve13@yahoo.com	647 Bridge Road	North Las Vegas	Arizona	Angola
434	Jordan Johns	177576	44-031661-714179-9	Salvador.Daniel80@gmail.com	491 Shanel Dam	Rasheedburgh	Maine	Monaco
435	Luz Upton	177581	58-512656-750613-0	Bernice.Yost10@yahoo.com	16340 Emmerich Ports	Orphaport	Pennsylvania	Russian Federation
436	Austin Dicki	177586	30-170576-854894-3	Citlalli_Becker@hotmail.com	225 Martina Rest	Bertramshire	New Jersey	Sint Maarten
437	Cecelia Wilderman	177591	78-746888-613919-3	Osvaldo87@gmail.com	7815 Thompson Knolls	Lake Rachelburgh	Idaho	Denmark
438	Minnie Green	177596	01-147749-794583-9	Deion_Kling40@yahoo.com	538 Lexie Island	Gorczanyburgh	South Dakota	Mayotte
439	Arturo Runolfsson	177601	71-817468-089212-8	Josh_Heller47@hotmail.com	9778 Medhurst Rapid	Kenner	South Carolina	Algeria
440	Doug Zboncak	177606	24-029576-817420-9	Angie_Bernier@gmail.com	512 W Maple Street	Fort Ruth	Colorado	Norway
441	Valerie Farrell	177611	51-981784-711934-5	Lindsay.Leuschke14@gmail.com	96278 E South Street	Morissetteboro	California	Saudi Arabia
442	Madeline Cartwright	177616	20-017262-753685-2	Jakayla.Dicki82@yahoo.com	1318 Louisa Fort	Bowling Green	Wyoming	Guinea-Bissau
443	Georgia Pacocha	177621	94-138250-022616-6	Isabell28@hotmail.com	299 Adan Pines	Lake Maddisonton	Arizona	Egypt
444	Dr. Kelly Mohr	177626	14-551610-018082-8	Henderson57@hotmail.com	9251 Carmel Coves	Nienowshire	Vermont	Romania
445	Gerald Dietrich	177631	39-253617-781146-9	Gianni83@gmail.com	53715 Maryam Passage	Elnaworth	Tennessee	Anguilla
446	Jared Schiller	177636	41-396798-152265-0	Gayle.Wyman27@hotmail.com	416 Haag Shoals	North Rosamondport	Delaware	Japan
447	Donna Ebert	177641	61-529137-947073-7	Minnie86@gmail.com	362 S Oak Street	East Alanisview	Delaware	Thailand
448	Donnie Runolfsdottir	177646	86-984868-927373-0	Tiana.Mosciski@yahoo.com	1515 Green Close	Wichita Falls	Nebraska	Guernsey
449	Eloise Adams-Mayer	177651	05-407963-149435-7	Davion.Buckridge31@gmail.com	3947 Senger Lock	Carmel	Delaware	United Kingdom
450	Bruce Schinner	177656	94-377848-279556-5	Heloise27@hotmail.com	4873 Joaquin Keys	Highland	Maryland	Indonesia
451	Claudia Gottlieb	177661	80-230896-465494-8	Jeramie75@yahoo.com	999 Skiles Falls	Cheektowaga	Kentucky	Kuwait
452	Freddie Feil	177666	79-318340-628005-2	Kenneth_Olson45@yahoo.com	51613 Rosario Parkways	Mertzburgh	Oklahoma	Bahamas
453	Mattie Johns	177671	69-363123-177411-2	Zack_Spinka37@yahoo.com	693 New Street	Laguna Niguel	Arizona	Chile
454	Elena O'Kon	177676	11-989707-589495-3	Damion50@hotmail.com	68939 Vida Branch	Constancefurt	Iowa	Croatia
455	Joseph Blanda	177681	48-190737-358356-0	Ricky86@gmail.com	1805 Abshire Shore	Kuvalisview	Vermont	Anguilla
456	Bob Jakubowski	177686	44-305347-968446-0	Lisandro13@gmail.com	79626 Deckow Bypass	North Othomouth	Georgia	Egypt
457	Colleen Abbott	177691	01-045608-556191-0	Gianni_Greenholt@yahoo.com	60279 Waelchi Meadow	Carrollton	Wyoming	Canada
458	Harriet Lesch	177696	37-922179-853428-0	Toni_Swaniawski-Crist81@yahoo.com	8956 The Limes	Hankborough	Connecticut	Tunisia
459	Hugh Murray	177701	39-500283-325478-1	Jacques_Kemmer@gmail.com	68438 Cedar Road	South Delphine	Nebraska	Sweden
460	Simon Herman	177706	14-057027-474501-0	Wilson.Volkman@gmail.com	3062 Yew Tree Close	Fort Marlen	Texas	Israel
461	Willard Fritsch-Grant	177711	28-186453-478587-7	Sheldon_Kling99@hotmail.com	2918 Franklin Avenue	Hirtheview	Mississippi	Turks and Caicos Islands
462	Angela Volkman	177716	06-254798-027220-2	Wanda.Jacobi44@hotmail.com	24470 Kozey Roads	North Manley	Connecticut	Luxembourg
463	Violet Mayert Sr.	177721	27-683030-621366-8	Merle_Muller@hotmail.com	63767 6th Avenue	Port Jensenburgh	Texas	Guernsey
464	Jesse Ryan	177726	15-466323-864858-7	Kendrick5@gmail.com	3365 Greyson Ford	Fort Leachester	Georgia	Austria
465	Brett Schimmel-Wilkinson	177731	04-202036-658473-6	Jerry84@yahoo.com	456 Leilani Views	Jovanchester	Florida	Iraq
466	Cindy Bailey	177736	74-368532-172609-3	Elinor_Reinger-Prosacco23@yahoo.com	314 Fritsch Run	College Station	Connecticut	Croatia
467	Kristin Bins	177741	52-771355-061826-0	Domenick_Schulist29@gmail.com	930 Kemmer Divide	Hamillfort	Washington	Sint Maarten
468	Tony Hermiston	177746	51-198535-885858-1	Ashton93@hotmail.com	6096 Jacobs Prairie	Livermore	Hawaii	Sri Lanka
469	Johnny Balistreri	177751	62-204572-518879-4	Ryann38@yahoo.com	2023 Kelton Overpass	South Richiestead	Utah	Kuwait
470	Stewart Stark	177756	97-706796-091605-2	Keith.Hilll84@yahoo.com	296 Lulu Glens	Fort Tom	Delaware	Virgin Islands, British
471	Miss Kim Ebert	177761	10-963577-128932-2	Guiseppe.Feest@hotmail.com	43299 Meagan Islands	East Leoborough	Oklahoma	Georgia
472	Bertha Jerde	177766	95-122436-863516-0	Sabina45@yahoo.com	61816 Auer Passage	Lake Geoffreyview	Michigan	Guernsey
473	Lawrence Schmeler	177771	37-066170-282546-5	Favian.Lehner65@gmail.com	414 Riverside Avenue	East Camren	South Dakota	Kuwait
474	Kathy Kling	177776	32-278566-555177-3	Elody.Halvorson@gmail.com	667 Raina Rapids	Heidihaven	Delaware	Senegal
475	Gwen Oberbrunner	177781	31-267538-969951-5	Onie_Franey@yahoo.com	128 Meadow Drive	Kennaland	Texas	Sudan
476	Emilio Dooley	177786	97-305407-365834-6	Mervin_Koepp-Lebsack@hotmail.com	11772 Baker Street	South Oletaland	New Jersey	El Salvador
477	Kent Schoen	177791	88-218968-598720-2	Frederik_Huel@yahoo.com	3485 Center Street	East Norbert	Indiana	New Caledonia
478	Jordan McDermott	177796	20-698223-217134-9	Nick3@hotmail.com	81591 Nicklaus Mews	North Ansleyside	Connecticut	Nigeria
479	Dr. Ira Dietrich	177801	93-335090-371035-9	Danielle_VonRueden@yahoo.com	471 Hartmann Brook	Moriahton	Arizona	Anguilla
480	Lionel Weissnat	177806	49-129523-946237-9	Jan31@gmail.com	5127 Dooley Vista	Pleasanton	California	Guatemala
481	Anthony Waters	177811	57-608831-739133-1	Jannie_Durgan@yahoo.com	707 Clinton Mountains	Chino	Maine	Greenland
482	Maureen Stracke	177816	25-510337-199072-6	Hilbert_Swaniawski28@yahoo.com	45803 Laburnum Grove	New Franciscaside	Nevada	Denmark
483	Lee Bahringer I	177821	97-336794-391662-3	Yoshiko_Koss92@gmail.com	53543 Gottlieb Ridge	Lorinestead	Delaware	Kuwait
484	Joey Tromp	177826	28-922917-950740-2	Oda4@gmail.com	22900 Torp Island	Rempelshire	Arizona	Sri Lanka
485	Kyle Rice	177831	52-312232-118229-7	Bernice_Corkery6@gmail.com	645 Bailey Shore	Rowland Heights	South Dakota	Paraguay
486	Andrew Champlin	177836	75-327298-465760-5	Evan31@gmail.com	29896 Anastacio Passage	Denesikmouth	Wisconsin	Serbia
487	Vernon Reichel	177841	82-431268-765465-0	Nikki42@hotmail.com	3512 Back Lane	Langworthberg	Alabama	Turkmenistan
488	Marion Smitham	177846	66-775008-498657-3	Duane10@yahoo.com	2208 Max View	Lake Richardchester	South Carolina	Sint Maarten
489	Julia Gerlach	177851	85-921853-191955-3	Dario.Hessel@gmail.com	6760 Dax Path	Luzfurt	Massachusetts	Heard Island and McDonald Islands
490	Traci Schimmel	177856	08-861620-039512-5	Alexis_Toy99@yahoo.com	418 16th Street	Jermainefurt	Louisiana	Cameroon
491	Mercedes Dibbert	177861	28-503362-819619-5	Willa.Pagac27@yahoo.com	645 Corwin Parkway	Haagstead	Delaware	Colombia
492	Tim Cole	177866	09-878542-927901-0	Vernie_McKenzie@hotmail.com	726 Darrion Ways	Lake Clare	Montana	Tajikistan
493	Gretchen Feest	177871	25-545531-363823-9	Vita51@hotmail.com	507 Nathen Rest	Wilkinsonfurt	Wisconsin	Costa Rica
494	Viola Rice	177876	18-786854-745179-4	Milford55@gmail.com	6190 Reynolds Fords	New Lorenz	Maryland	Peru
495	Jonathan Durgan	177881	68-742397-861919-9	Ward_Huel@yahoo.com	325 Nader Ways	East Korbinton	Vermont	Mexico
496	Bonnie Schmeler V	177886	82-240289-005820-3	Betsy.Anderson@hotmail.com	6488 Hallie Ranch	Kennethfurt	Nevada	Afghanistan
497	Don Bauch	177891	31-178410-111380-4	Kobe40@yahoo.com	306 Walter Tunnel	Berkeley	Kansas	Northern Mariana Islands
498	Derek Schroeder	177896	80-870168-424009-3	Ferne82@gmail.com	489 Ruth Plaza	Greenfelderport	Illinois	India
499	Bessie Wiza	177901	32-997366-975436-0	Alexzander_Purdy62@gmail.com	7058 Hoppe Heights	East Darren	Delaware	Greenland
500	Dallas Schmeler DDS	177906	78-405428-349276-6	Nettie67@hotmail.com	666 Maxine Heights	Brendonborough	Connecticut	France
501	Marc Kunze	175416	60-958878-637769-6	Niko_Cruickshank@hotmail.com	99426 Mayert Route	Theronville	South Carolina	Mauritania
502	Laurie Smitham	175421	20-590495-663893-2	Drew_Kilback@yahoo.com	7051 Germaine Orchard	West Jeffereyland	Ohio	Northern Mariana Islands
503	Roy Prosacco	175426	70-754976-566000-8	Heath.Veum@hotmail.com	2514 N Pine Street	Port Olen	Vermont	Mozambique
504	Ella Kuhlman	175431	82-611240-725076-5	Eve19@yahoo.com	7668 Jaskolski Mill	Watersville	Mississippi	Bosnia and Herzegovina
505	Brenda Cremin	175436	96-879391-431745-8	Luz4@yahoo.com	690 Deckow Ramp	Krisburgh	Oregon	Maldives
506	Emmett Abbott	175441	15-320020-530969-4	Terence.Rolfson@gmail.com	96482 Effertz Landing	Eulaport	Indiana	Antigua and Barbuda
507	Johnathan Kuhic	175446	03-502514-064772-4	Jed_Lemke95@gmail.com	202 Alexandra Road	East Delaney	New Mexico	Honduras
508	Alyssa Herzog	175451	78-725269-269438-9	Ward_Balistreri@yahoo.com	4941 Cleveland Street	West Rico	South Carolina	Benin
509	Megan Runolfsson	175456	59-568972-092194-0	Daron58@yahoo.com	11919 Predovic Harbors	Buffalo Grove	Kansas	Congo
510	Keith Beer	175461	94-044745-168157-7	Clint.Morar@yahoo.com	871 Steuber Plains	Riceshire	Utah	Philippines
511	Edwin Johnson	175466	73-825847-042355-2	Iva95@yahoo.com	47433 Hahn Courts	Port Mariana	Connecticut	Malaysia
512	Joy Streich	175471	51-139113-644628-8	Jamey.Walter@yahoo.com	125 Boyle Landing	Riverton	Georgia	Virgin Islands, British
513	Saul Shanahan	175476	77-542383-158998-8	Frederic_OKeefe@yahoo.com	46339 Mount Pleasant	North Christian	Nebraska	Bermuda
514	Edmund Wisoky	175481	29-740079-083087-5	Kaden_Koelpin@hotmail.com	108 Jaden Lights	Lake Novatown	Hawaii	Equatorial Guinea
515	Jessica Stark	175486	65-208100-729673-5	Maxwell25@yahoo.com	992 Clarence Road	North Skyeshire	Utah	Dominica
516	Mrs. Irene Hills	175491	16-044452-883778-0	Gail_Ward70@hotmail.com	902 Frederique Junction	Kariannestead	Illinois	Suriname
517	Jeanette Vandervort	175496	03-401766-920613-2	Esther.White6@yahoo.com	290 Otha Club	Gottliebboro	Missouri	Bonaire, Sint Eustatius and Saba
518	Kerry Reynolds	175501	77-976886-393670-5	Evan.Williamson@hotmail.com	316 The Green	Port Mya	Oregon	Isle of Man
519	Amanda Williamson	175506	41-572827-484847-7	Osborne.Wisozk54@gmail.com	4701 Gerson Alley	Bethelstad	Missouri	Panama
520	Billie Schaden	175511	65-856232-925948-9	Alec22@hotmail.com	6437 Doyle Crossroad	Edisoncester	Delaware	Ireland
521	Jaime Shields III	175516	03-881191-132757-1	Garnett.Langworth21@gmail.com	2036 E State Street	Sunnystead	Maryland	Somalia
522	Eduardo Mills	175521	95-949966-625835-0	Bud66@yahoo.com	5101 Eryn Locks	West Donavonstead	Delaware	Cambodia
523	Rene Cruickshank	175526	78-343895-726892-8	Antonette_Becker53@gmail.com	67467 Gerda Springs	New Beau	Illinois	Benin
524	Ricardo Williamson	175531	91-587309-173662-3	Brisa24@hotmail.com	80336 Cleo Corners	Nolanmouth	Arizona	Bermuda
525	Gwendolyn Kuhlman	175536	19-496914-927910-3	Vincenza54@hotmail.com	68682 Herman Rue	Barryview	North Dakota	Chad
526	Jan Harris	175541	82-911163-272399-9	Joshuah.Brekke51@hotmail.com	4581 Janice Pines	Elijahberg	Texas	Tanzania
527	Ana Trantow DDS	175546	36-333056-008545-0	Otilia.Emard@hotmail.com	32911 Philip Lake	New Kyletown	Wyoming	Trinidad and Tobago
528	Jessie Jast	175551	70-277703-905813-0	Kadin_Nicolas73@gmail.com	78348 South View	West Deshaunhaven	Maine	Micronesia
529	Kayla Erdman	175556	95-449649-746867-4	Avis_Weber20@hotmail.com	570 Kohler Lock	Cheyannefort	Montana	India
530	Jenny Hegmann	175561	47-717219-985206-3	Lennie37@gmail.com	5247 Willms Spring	Wilkinsonchester	Missouri	Cocos (Keeling) Islands
531	Brent Pagac	175566	89-178115-224783-6	Cassandra.Lueilwitz-Beahan@gmail.com	16924 E Market Street	Fort Milford	Arkansas	Nicaragua
532	Harvey Nitzsche	175571	42-877369-617123-6	Karen.Smitham58@yahoo.com	4573 Green Spring	Port Arthur	Louisiana	Slovakia
533	Moses Prohaska-Thiel	175576	20-961002-199863-3	Trever.Goyette68@gmail.com	35189 Northfield Road	Alpharetta	Alabama	Cote d'Ivoire
534	Rex Brakus	175581	37-765460-562923-6	Katharina.Jenkins@hotmail.com	92729 Gulgowski Causeway	Eliezerburgh	Tennessee	Holy See (Vatican City State)
535	Mr. Francisco Ritchie II	175586	54-525769-119357-5	Kacey13@yahoo.com	9655 Jefferson Street	Leonworth	Pennsylvania	Saint Helena
536	Harry Greenfelder	175591	01-179381-191460-2	Jeremie.Runolfsson-Turner@yahoo.com	6017 Cremin Alley	Flower Mound	Kansas	Saint Kitts and Nevis
537	Marta Doyle	175596	74-372526-634063-1	Kiley1@yahoo.com	55854 Wiza Plains	Phoebeside	West Virginia	Venezuela
538	Alexander Muller	175601	06-456000-742144-5	Rebecca0@gmail.com	1824 Metz Manors	Port Reba	Rhode Island	Portugal
539	Lee Metz	175606	15-865926-370625-4	Abner50@gmail.com	4949 Blanda Mission	North Briacester	Kentucky	Democratic Republic of the Congo
540	Jerry Heidenreich	175611	60-720335-243125-5	Derrick.Crona30@hotmail.com	8490 Lempi Key	East Jerrycester	Maine	Guadeloupe
541	Nichole Schmitt	175616	92-795167-749939-8	Augustus99@gmail.com	727 Joanny Burg	Lake Gregorioview	Maryland	Liechtenstein
542	Candice Bins MD	175621	82-659923-916025-5	Sarah.Stracke@hotmail.com	5172 Leonardo Trail	St. Louis Park	Kansas	Gibraltar
543	Raymond Oberbrunner	175626	01-744275-513211-0	Adelle.Schuster@gmail.com	83673 St Mary's Road	North Sallie	California	Spain
544	Charlotte Blick	175631	23-406173-691520-8	Rasheed36@yahoo.com	67142 Manor Drive	Silasland	Oklahoma	Austria
545	Homer Jast	175636	54-052307-973302-6	Alia_Bayer78@yahoo.com	27299 Nolan Ways	North Nikita	Kansas	Morocco
546	Earl Gleichner	175641	37-318642-314432-4	Lorenza65@yahoo.com	656 Waelchi Harbors	Carlieland	Arkansas	Kyrgyz Republic
547	Darin Tremblay	175646	04-598548-741720-5	Justina_Bogisich@hotmail.com	2797 Third Street	Monahanfort	Alabama	Montenegro
548	Mrs. Alexandra Ruecker	175651	89-821976-745924-2	Laverna59@yahoo.com	9012 Cummings Rest	Amarillo	Texas	Turkmenistan
549	Clyde Bogisich	175656	27-630584-461756-3	Gabriella36@hotmail.com	12706 Kirlin Streets	South Amparo	Colorado	Sao Tome and Principe
550	Bert Legros	175661	16-224441-897924-9	Emory_Brakus@hotmail.com	686 Richard Islands	Lindsayfurt	South Dakota	Australia
551	Calvin Vandervort	175666	45-312157-070986-1	Ashlee_Cremin69@hotmail.com	42281 Bay Street	Fort Rosannaland	Arkansas	Nauru
552	Dr. Bernice Boyer	175671	63-842971-705620-5	Loyal_Goldner@hotmail.com	875 O'Keefe Rapids	New Enaton	Kentucky	Saint Martin
553	Laura Nicolas	175676	58-256508-930682-1	Trystan_Stiedemann@yahoo.com	4082 Vicarage Close	East Molliestead	Oklahoma	French Polynesia
554	Sonja Waters V	175681	16-376685-854762-2	Seth_Purdy@yahoo.com	4163 S Main Avenue	Ziemannfort	Massachusetts	Cook Islands
555	Dexter Durgan	175686	71-245024-677585-8	Everett58@hotmail.com	210 Balistreri Branch	South Vickie	New York	Finland
556	Jon Franey	175691	28-566703-235935-0	Jaunita.Spencer@hotmail.com	352 Goyette Wells	Lelahstead	New Mexico	Greenland
557	Margaret Senger	175696	81-274150-685912-0	Rodger_Heidenreich@yahoo.com	49435 Glover Squares	Port Alaynaboro	North Dakota	Moldova
558	Jessica Cummerata	175701	29-071516-276398-3	Gianni.Steuber11@hotmail.com	4897 Thompson Ranch	Fort Leifside	Arizona	Malta
559	Garry Kuvalis	175706	00-626772-204825-2	Arvilla75@yahoo.com	6172 Collier Mission	Potomac	Oregon	Austria
560	Joanne Osinski	175711	66-531231-038876-9	Charlene86@hotmail.com	6460 Luz Circles	Erie	Michigan	Sierra Leone
561	Nadine Heidenreich	175716	53-800663-895845-2	Elmira_Sipes68@gmail.com	5119 Goyette Fields	Santa Clara	North Dakota	Liechtenstein
562	Naomi Zulauf	175721	31-854021-389237-7	Annette_Wilkinson@gmail.com	2145 Jacobs Extension	San Francisco	Arizona	Slovenia
563	Noah Rau	175726	11-700638-059032-0	Daron91@hotmail.com	7661 Altenwerth Manor	West Earnest	Maryland	Bangladesh
564	Kimberly Strosin	175731	64-635092-180767-2	Ryder86@hotmail.com	73110 Felipe Roads	Hoegerbury	Florida	Mozambique
565	Kristopher Boyer	175736	48-194383-266613-4	Mollie_Labadie20@gmail.com	333 Block Shores	St. Clair Shores	Louisiana	Nauru
566	Jake West	175741	09-586884-547607-2	Franco.Volkman@hotmail.com	61662 Chester Road	East Kody	Idaho	Bouvet Island
567	Dr. Donna Dickens	175746	76-203116-269075-7	John38@hotmail.com	710 Dayana Ramp	Pittsburgh	Oklahoma	Cook Islands
568	Leonard Moen Jr.	175751	92-761012-199966-4	Alda32@yahoo.com	3959 Mayert Key	Glendora	Vermont	India
569	Dr. Juan White	175756	36-676908-276595-7	Jenifer22@hotmail.com	15517 Denesik Ford	South Marcus	Idaho	New Zealand
570	Arturo Strosin	175761	10-502670-273389-9	Cyril98@hotmail.com	47347 Johnathon View	Myrticeport	North Dakota	Saint Barthelemy
571	Pat Zboncak	175766	99-168121-013473-8	Chadrick9@hotmail.com	8578 5th Street	Fall River	Massachusetts	China
572	Jordan Stroman	175771	06-820987-337647-5	Cicero36@hotmail.com	108 Richmond Close	Port Savion	Maine	Romania
573	Opal Monahan	175776	53-751150-609338-2	Kelli33@yahoo.com	89572 Grove Road	Orphafield	South Dakota	Kazakhstan
574	Dr. Marta Wolf	175781	31-713365-959475-5	Cortney_Predovic@yahoo.com	2447 Ashly Gateway	East Odaport	Maine	Central African Republic
575	Angie Aufderhar	175786	84-005636-771638-4	Kyler.Jones@hotmail.com	32827 Keeling Fort	Reillymouth	West Virginia	French Southern Territories
576	Mr. Kenneth Fritsch	175791	66-927227-280799-8	Golda32@hotmail.com	50373 Heidenreich Canyon	New Gunner	Georgia	Guyana
577	Dr. Wilfred Smith	175796	87-095845-602072-2	Lindsay_Fritsch@hotmail.com	5070 The Glebe	Pocatello	Nebraska	United States Minor Outlying Islands
578	Terrence Haley	175801	98-505948-021628-7	Kari_Bogan23@yahoo.com	71064 Katelin Lodge	Christaboro	Missouri	Cote d'Ivoire
579	Samantha Labadie	175806	63-934555-784016-0	Seth_Conn76@yahoo.com	726 Rempel Centers	North Duncanton	Arizona	Madagascar
580	Brandi Carroll PhD	175811	95-542281-811509-0	Blaze75@gmail.com	292 Olga Courts	South Stacybury	Utah	Slovakia
581	Sabrina Volkman	175816	48-598564-471673-6	Krista17@gmail.com	37465 Retha Course	North Vivienne	Minnesota	Albania
582	Mrs. Rose Kemmer	175821	80-178439-507877-7	Rey.Spinka28@yahoo.com	75031 Juwan Dale	Bergnaumtown	Hawaii	Myanmar
583	Forrest Gutmann	175826	32-396800-689215-0	Mariam.Bosco@hotmail.com	72521 Hans Pine	Torpborough	Maryland	Mozambique
584	Dr. Clarence Rosenbaum	175831	43-176118-325189-7	Katherine75@hotmail.com	8126 Predovic Estates	East Joesph	Wyoming	Dominican Republic
585	Jean Conroy	175836	25-457382-329778-2	Marquise77@yahoo.com	1902 Virgie Forest	Kemmerberg	Kansas	Uzbekistan
586	Randolph Emmerich PhD	175841	08-430539-670942-2	Cyril_McLaughlin-Crist@yahoo.com	87119 N Washington Street	Schultzhaven	Nevada	Algeria
587	Laverne Pfeffer Sr.	175846	62-262695-309873-8	Nikki8@yahoo.com	439 E Maple Street	Montgomery	Wyoming	Holy See (Vatican City State)
588	Joyce Hagenes	175851	72-656108-256885-2	Ayden.McDermott93@hotmail.com	476 Mable Rest	Burlington	Michigan	Lithuania
589	Joe Renner	175856	66-843078-586583-5	Lura45@yahoo.com	33706 Laurel Orchard	Kennedifurt	Connecticut	Lithuania
590	Phil Raynor	175861	69-691677-033755-4	Gwen18@yahoo.com	1620 Kenton Rapids	New Eryn	North Carolina	Andorra
591	Martha Stracke MD	175866	79-711138-532993-5	Briana35@hotmail.com	9709 Kings Highway	West Halle	Montana	Latvia
592	Loren Lubowitz	175871	60-947244-616423-4	Emmitt.Stark13@yahoo.com	209 16th Street	Fort Laceyville	Florida	French Guiana
593	Javier Gusikowski	175876	99-186132-416318-3	Fabiola31@yahoo.com	48446 Kohler Union	Larueside	Vermont	Barbados
594	Carol Mills	175881	16-574196-553601-4	Blaise_Mohr90@yahoo.com	7359 Market Street	Lake Andrew	Oregon	New Zealand
595	Elena Wehner	175886	11-028261-024530-1	Alize19@gmail.com	4451 Runolfsdottir Wells	Gracielaside	Maryland	India
596	Monique Ritchie DVM	175891	90-226122-827811-2	Robin44@hotmail.com	28600 N Franklin Street	New Luther	Wyoming	Antigua and Barbuda
597	Bryan Muller II	175896	11-661687-823404-0	Kenna_Effertz83@hotmail.com	786 Gino Glen	Euclid	North Dakota	French Southern Territories
598	Mona Lind	175901	79-721931-480835-6	Tevin_McKenzie@hotmail.com	266 Blake Park	East Alejandrahaven	New Hampshire	Cook Islands
599	Kirk O'Hara	175906	20-001134-723992-8	Abdullah.Herzog82@hotmail.com	95873 Candice Meadow	Oberbrunnerview	North Carolina	Martinique
600	Mrs. Linda Zboncak	175911	55-455325-168039-1	Omer_Pfannerstill31@hotmail.com	701 Swaniawski Landing	East Bethel	Indiana	Albania
601	Andrea Legros	175916	96-305957-403942-7	Melba34@hotmail.com	89047 Heath Road	South Clyde	Indiana	Kuwait
602	Lorene Herzog	175921	04-166005-014334-8	Dorthy85@yahoo.com	73071 Vivianne Pine	Pfannerstillchester	Nebraska	Slovakia
603	Tracey Rau	175926	85-895555-075472-3	Louie_Strosin55@gmail.com	2433 Spring Gardens	Port Grahamville	West Virginia	Faroe Islands
604	Joey Streich	175931	07-247737-422114-4	Marilie39@yahoo.com	81657 Florencio Parks	Orlando	Ohio	Libyan Arab Jamahiriya
605	Mr. Bryant Moen	175936	70-633479-731949-8	Annabel29@gmail.com	97259 Schmidt Glen	Kohlerside	Montana	Cook Islands
606	Nadine Mohr	175941	75-795168-132796-0	Elizabeth36@gmail.com	3978 Anderson Pass	New Leonardoville	Georgia	Kuwait
607	Bennie Barton	175946	04-200074-066667-2	Mitchel.Gleichner89@gmail.com	789 Jacklyn Forest	Ziemeport	Ohio	Syrian Arab Republic
608	Melba Spencer V	175951	33-390709-698585-2	Nash_Graham@yahoo.com	51817 Chestnut Drive	Porterville	Wisconsin	Luxembourg
609	Hector Hyatt	175956	87-267615-184625-2	Daisy88@gmail.com	93434 Kozey Pass	Hellerstead	Ohio	Trinidad and Tobago
610	Luis Considine DDS	175961	83-000431-354210-0	Chadrick.Hintz@yahoo.com	44062 Torrance Groves	Fort Lauderdale	Iowa	Anguilla
611	Lawrence Paucek	175966	94-989679-766753-7	Giovanny_Roob47@gmail.com	298 North Road	Fort Ebbaworth	Georgia	Albania
612	Miss Carrie Zieme	175971	54-040592-489230-8	Bryon_Mitchell@yahoo.com	9449 Felix Path	South Brisa	South Dakota	Germany
613	Dr. Bob Collins	175976	05-487232-590546-8	Myrtice.Wuckert73@gmail.com	7721 Larson Manor	Jacobsonfield	Virginia	Ethiopia
614	Mattie Deckow	175981	18-077376-211714-5	Henderson.Stracke96@hotmail.com	24079 Rohan Spur	Ruperthaven	Arizona	Cuba
615	Wendy Collier	175986	48-130454-916026-9	Vicky.Olson@yahoo.com	5783 Hansen Points	Wauwatosa	Delaware	Saudi Arabia
616	Ms. Jeanne Rogahn-Pouros	175991	77-050478-775441-4	Ida42@hotmail.com	56797 E Main	New Alycefurt	Kansas	Faroe Islands
617	Loretta Klein	175996	87-334881-122785-6	Reed_Turner49@yahoo.com	74718 DuBuque Highway	West Barton	Arizona	Bolivia
618	Gertrude Turner	176001	97-914681-473329-9	Keagan_Reilly@yahoo.com	53677 Frederick Key	Velvastad	California	Ghana
619	Jenna Mann II	176006	94-749137-934885-4	Lonzo.Quitzon0@hotmail.com	8387 N Jackson Street	Boyerland	North Carolina	Czechia
620	Neal Mosciski	176011	96-748580-153401-1	Hazle.Leannon14@yahoo.com	71829 Diamond Knolls	Fort Smith	Georgia	French Southern Territories
621	Ruth Schuppe	176016	83-113432-056677-3	Carolyn.Boyer@yahoo.com	640 Stiedemann Via	Terrystead	North Carolina	Solomon Islands
622	Dr. Jon Hirthe	176021	83-355674-610477-1	Wellington_Little@hotmail.com	757 Renner Manor	Lake Adelechester	Wisconsin	Martinique
623	Juan Sauer	176026	07-517754-238147-6	Tara_Heller@yahoo.com	7122 Montana Mount	Dickensworth	Tennessee	South Sudan
624	Stacy Conroy-Dickens	176031	01-764342-706897-6	Paolo.Labadie47@gmail.com	614 Andres Orchard	Fort Rey	Nebraska	Jersey
625	Deborah Hilpert	176036	24-245647-191569-6	Royal41@yahoo.com	186 Stiedemann Crossroad	Josemouth	South Dakota	Sri Lanka
626	Sheila Funk	176041	96-539486-760370-6	Stella65@hotmail.com	814 Levi Fords	New Robertoview	New Mexico	Jordan
627	Pedro Monahan	176046	08-495620-875359-2	Zora80@yahoo.com	702 Vernie Gardens	Kuphalcester	Arizona	Haiti
628	Joan Daugherty	176051	55-378732-331858-7	Rosa.Johnston@gmail.com	34272 Main	Tonawanda	Utah	Dominican Republic
629	Omar Spinka	176056	50-523587-381680-7	Philip.Blanda27@gmail.com	8814 Halvorson Haven	North Esta	Iowa	Guinea
630	Horace Zieme	176061	26-616407-602599-1	Unique.Swift58@yahoo.com	64256 The Fairway	Cicero	Illinois	Iraq
631	Javier Runolfsdottir	176066	79-709420-943412-5	Raheem.Grant@hotmail.com	405 E 4th Avenue	Bayershire	Nebraska	Belize
632	Shari Quitzon	176071	06-657948-875824-8	Sterling.OHara@yahoo.com	71585 School Road	Terryfurt	Utah	France
633	Vicki Reynolds IV	176076	10-237375-794839-1	Simeon_Bergnaum73@hotmail.com	18175 Ramona Burgs	Amberborough	South Carolina	Timor-Leste
634	Roy Jacobs	176081	25-452129-066684-9	Rocio.Leannon30@hotmail.com	23885 Hintz Plains	Aminabury	New Jersey	Solomon Islands
635	Paula Greenholt	176086	12-038423-066903-1	Damian_Ratke56@gmail.com	5987 Hyatt Prairie	New Roslynshire	Utah	South Georgia and the South Sandwich Islands
636	Sheila Denesik	176091	41-010430-827383-2	Elvera_Jakubowski-Prosacco@yahoo.com	2177 Reynold Highway	Austenmouth	New York	Bulgaria
637	Erica Breitenberg	176096	07-064641-487984-6	Halie8@gmail.com	58471 Henry Street	Bartonboro	Mississippi	Lithuania
638	Blanca Hettinger	176101	31-216043-515110-0	Berenice_Glover@gmail.com	3384 Ritchie Burgs	Meredithboro	Michigan	Kuwait
639	Susie Stroman	176106	26-585854-677886-2	Alysha4@yahoo.com	10899 Norwood Plaza	New Mortonside	Kansas	Pitcairn Islands
640	Margarita Grimes	176111	55-308272-570375-4	Vicenta42@gmail.com	985 Parker Orchard	Fort Loyal	Maine	Barbados
641	Josefina Kertzmann	176116	22-388906-238604-7	Nellie.Kunze93@hotmail.com	351 St Mary's Close	New Joannymouth	New Jersey	Reunion
642	Dr. Ben Moen	176121	18-750153-074176-0	Daisy_Goldner@yahoo.com	37511 Niko Forest	Vickystead	Alaska	Lao People's Democratic Republic
643	Jonathon McDermott	176126	77-297644-199098-0	Dedric_Glover18@yahoo.com	79325 E Bridge Street	South Steveburgh	Oregon	Argentina
644	Mr. Jamie Towne	176131	25-789731-383441-7	Theodora.Anderson@hotmail.com	4731 4th Avenue	Zoeyland	Mississippi	Montserrat
645	Miss Whitney Steuber	176136	84-971850-744507-2	Ethan_Quitzon-Brown@yahoo.com	81615 The Lane	Bednarchester	Texas	Uzbekistan
646	Amber Wintheiser Sr.	176141	71-577434-193981-3	Enola.Witting36@gmail.com	52743 Kreiger Lights	Effertzview	Washington	Macao
647	Carmen Hermann	176146	04-012045-002865-7	Jillian4@gmail.com	52204 Evan Haven	West Caesarfort	Montana	Sri Lanka
648	Blanca Boyer	176151	01-916382-910520-9	Jay.Ondricka24@hotmail.com	11127 Riverside Avenue	Susanworth	Arkansas	Antarctica
649	Raymond Cassin-Lockman	176156	91-759700-608780-0	Marjolaine56@yahoo.com	86938 Poplar Road	Granvilleboro	South Carolina	Congo
650	Alyssa Raynor	176161	41-000938-483759-2	Margaretta_Grant@yahoo.com	46656 Hagenes Manors	Cypress	North Dakota	Denmark
651	Arthur Stroman	176166	86-659276-205007-7	Shanna_Padberg58@hotmail.com	84001 Nader Crossroad	Lake Abel	Colorado	Seychelles
652	Ernesto McClure	176171	28-823892-930643-8	Thad82@hotmail.com	953 Harris Drive	Hansenview	Florida	Eritrea
653	Mrs. Melanie Cruickshank	176176	49-390846-099486-4	Hallie.Ferry@yahoo.com	758 The Woodlands	East Erlingmouth	Arkansas	Cayman Islands
654	Shirley O'Hara	176181	23-757059-324698-3	Woodrow_Marvin@gmail.com	24427 Meadow Close	Masonboro	Louisiana	Guinea
655	Stacy Reichel	176186	21-430624-772144-5	Robert_Schaefer70@yahoo.com	1436 Shanahan Fork	North Clemens	Louisiana	Guatemala
656	Mr. Mathew Howe	176191	87-681602-405775-4	Juston38@gmail.com	47116 Flatley Rapids	Denesikbury	Virginia	Venezuela
657	Miss Nellie Bradtke	176196	56-964672-189676-2	Raphaelle15@hotmail.com	83241 E 7th Street	Lake Nathanaelfield	Hawaii	Namibia
658	Edward Sporer	176201	33-430367-475195-8	Raegan25@yahoo.com	576 Cavendish Road	Kodyfort	Hawaii	Sudan
659	Laura Goyette	176206	35-520835-343215-6	Howell_Volkman@gmail.com	2008 Alexandra Burgs	Sayreville	Alabama	Ukraine
660	Mrs. Gertrude Bayer	176211	13-571591-102298-7	Corrine_Stroman46@yahoo.com	7417 Beer Brook	North Miami	Idaho	Marshall Islands
661	Belinda Gutkowski V	176216	11-211187-341841-2	Timmy_Halvorson-Grady@gmail.com	6915 Larson Ville	New Noemychester	Connecticut	Bulgaria
662	Enrique O'Connell Jr.	176221	62-468327-166652-0	Kory_Adams@hotmail.com	383 Marcus Gateway	Port Donnie	South Carolina	Sao Tome and Principe
663	Geneva Rodriguez	176226	13-694571-708858-0	May16@yahoo.com	8263 Camryn Bypass	Lubowitzstad	North Carolina	Denmark
664	Elisa McGlynn	176231	29-132283-192783-1	Kara_Bednar@yahoo.com	527 Toni Spring	Odessa	Alaska	Portugal
665	Mathew Oberbrunner	176236	28-742699-863572-7	Emily_Borer@yahoo.com	130 Madelynn Manor	O'Keefeborough	New Hampshire	Barbados
666	Dr. Becky Reilly	176241	53-911637-560073-5	Lionel_Brekke50@gmail.com	75894 Hillside Close	Concord	Arkansas	Bahrain
667	Nettie Swift III	176246	33-886480-771042-3	Britney.Hickle@hotmail.com	1842 Bechtelar Shore	South Nilston	Florida	Bahamas
668	Abel Stracke	176251	48-943905-963733-0	Liana.Schmeler@yahoo.com	740 Schimmel Ridge	East Clemenschester	Ohio	Cayman Islands
669	Rudy Marvin	176256	72-599921-524419-2	Francesca_Howell66@gmail.com	470 Alexzander Bypass	North Barry	Georgia	Mauritania
670	Marsha Leffler	176261	83-256731-257838-0	Patience95@yahoo.com	65939 Nichole Vista	Ludiefort	Montana	Benin
671	Jose Keeling	176266	33-916386-351128-1	Eveline6@hotmail.com	3659 Volkman River	North Charleston	Virginia	Nigeria
672	Ernesto Watsica	176271	38-033814-466371-7	Devonte_Buckridge51@yahoo.com	599 Anderson Drive	Lewisville	Kentucky	United States Minor Outlying Islands
673	Johnnie Mayert	176276	24-467561-663083-1	Maybelle_Feest48@hotmail.com	95176 Legros Isle	Rathtown	Arkansas	Portugal
674	Jerome Mitchell	176281	57-083259-859060-8	Sheridan.Lebsack71@gmail.com	23570 Haskell Dale	Rafaelchester	Illinois	Comoros
675	Dr. Gerald Moen	176286	15-003960-503551-4	Dallin.Heathcote@hotmail.com	38189 Walnut Street	Kutchland	Missouri	United States Minor Outlying Islands
676	Joel Dach	176291	39-220222-067300-6	Elfrieda45@gmail.com	86476 Cedar Avenue	West Philipton	Alabama	Reunion
677	Rudy Ruecker	176296	38-402302-545064-2	Dean_Schinner85@yahoo.com	93394 Markus Extensions	Parkercester	Connecticut	Belgium
678	Patsy Muller	176301	39-200993-349667-8	Macie_Torphy34@hotmail.com	48775 Laron Valleys	Lake Davion	Washington	Argentina
679	Mrs. Anna Green	176306	18-701121-138411-2	Jolie.Torphy@hotmail.com	231 S Front Street	Westfield	Michigan	Belarus
680	Irving Ferry	176311	98-024570-667707-2	Gregory_Nienow30@hotmail.com	23643 Lime Grove	Halvorsonport	Rhode Island	Mayotte
681	Silvia Dare-Bartell	176316	24-639902-702356-3	Delphine_Bode@yahoo.com	6804 Kylee Falls	Reichertfurt	Arkansas	Nigeria
682	Amelia Schroeder MD	176321	59-974907-306326-4	Marcia.Windler83@gmail.com	30611 Marlin Ford	Fort Kameronfurt	Nevada	Turks and Caicos Islands
683	Tricia Kemmer	176326	80-711414-742350-7	Tyrel_Cormier77@gmail.com	5896 1st Street	South Kamrenbury	New Hampshire	Greece
684	Mr. Vincent Franecki	176331	48-293398-573278-2	Roel35@yahoo.com	352 Brakus Rue	Francoworth	Connecticut	Nigeria
685	Barbara Rath	176336	90-058159-179632-1	Citlalli_Sporer@yahoo.com	636 Madeline Shores	Kossboro	Georgia	Guernsey
686	Mr. Tim Hills	176341	70-560064-252155-8	Isabell_Kling@gmail.com	7113 Clemens Shore	Fort Willland	Arkansas	Luxembourg
687	Joanna Kilback II	176346	23-480962-190453-3	Ebony_Grady81@gmail.com	3504 Dusty Radial	Mekhiburgh	Alaska	Andorra
688	Aaron Howell	176351	15-496032-390512-4	Miguel_Gutkowski@hotmail.com	586 Lincoln Road	Rosenbaumworth	West Virginia	Ireland
689	Willie Casper	176356	32-487104-928659-7	Shania.Kassulke@yahoo.com	2521 Schultz Mall	New Susanaboro	Montana	Solomon Islands
690	Cynthia Hills MD	176361	32-494627-999083-5	Julio.Jaskolski@gmail.com	287 Goyette Street	Victorville	Oklahoma	Montenegro
691	Alberto Orn	176366	97-353004-845554-6	Hope_Zemlak12@yahoo.com	798 Haley Ways	Lyricworth	Michigan	Guinea-Bissau
692	Lowell Corkery	176371	48-540103-655190-5	Providenci22@yahoo.com	882 Batz Fields	Tabithaside	Virginia	Malta
693	Leslie Pfannerstill	176376	98-107655-541430-2	Morris_Barrows37@yahoo.com	9240 Jack Village	Moreno Valley	North Dakota	Faroe Islands
694	Jean Littel-Botsford	176381	69-202931-321310-2	Lenna_Raynor60@hotmail.com	7134 King's Road	Tampa	Indiana	Panama
695	Jimmie Watsica	176386	59-324856-857893-2	Elda36@gmail.com	50361 Chestnut Grove	Johnathanside	Delaware	Micronesia
696	Eduardo Pagac	176391	51-700522-973095-2	Sarina.Von@gmail.com	53858 Swaniawski Bypass	Sierrashire	Wyoming	Niger
697	Hector Crist	176396	30-631769-203760-8	Jakob_Balistreri70@yahoo.com	2665 Lang Heights	East Wilhelmine	Missouri	Belize
698	Roger Luettgen-Lesch	176401	32-627908-537631-4	Lavern.Conroy37@yahoo.com	69528 Dooley Rue	New Marge	Arkansas	Malawi
699	Julie Reichert MD	176406	21-579751-514376-8	Pietro.West@yahoo.com	478 Callie Trace	Felicitymouth	New Jersey	Micronesia
700	Melvin Sporer	176411	30-437428-745122-5	Trent_Konopelski@gmail.com	7604 Hattie Underpass	Fort Vicky	Delaware	Egypt
701	Allen Block	176416	52-309629-044157-1	Lizzie_Metz@hotmail.com	63066 Oak Lane	East Loyworth	New York	Lao People's Democratic Republic
702	Samantha Feeney	176421	21-666397-151652-6	Austen_Turcotte@hotmail.com	5966 Rippin Corner	Oakland	Mississippi	Saint Pierre and Miquelon
703	Kirk Maggio	176426	96-569394-150930-4	Horacio_Smitham59@gmail.com	9025 Quinton Pines	Rogahnside	Illinois	Sweden
704	Kristen Sipes	176431	99-481562-314823-5	Idella45@gmail.com	63107 Borer Skyway	Raybury	Maryland	Lithuania
705	Ethel Bartell	176436	54-553088-268171-9	Joana_Huel90@gmail.com	19552 Abshire Views	Rodriguezworth	Kansas	Eritrea
706	Marco Kulas	176441	14-964789-250009-1	Gaetano_Schinner@gmail.com	489 Quarry Lane	East Elnora	Louisiana	Iceland
707	Miguel Collier	176446	47-632522-807993-1	Jazmin.Wehner-Bashirian@gmail.com	4786 W North Street	Osinskiside	Wisconsin	Zambia
708	Patsy Huel IV	176451	03-493456-956334-9	Urban.Windler10@hotmail.com	82112 Koch Parkway	Dickiberg	Florida	Finland
709	Karen Borer	176456	83-421890-320573-0	Alexandre.Kilback@hotmail.com	3428 Hodkiewicz Parks	Jonesbury	Kentucky	Marshall Islands
710	Emily Romaguera	176461	45-729684-183050-0	Nathen_Halvorson58@hotmail.com	524 Toby Lakes	Sipeston	Utah	Angola
711	Alfred Trantow	176466	10-447493-839621-7	Elda_Hettinger@hotmail.com	12026 Christiansen Expressway	Port Walker	Wisconsin	Barbados
712	Lillian Stanton	176471	05-615526-042842-5	Jeffery.Little91@hotmail.com	646 Hiram Wells	New Joanatown	Alaska	Barbados
713	Dr. Deanna Waelchi	176476	99-384900-652406-9	Melisa.Hamill@gmail.com	8962 Arden Shores	Collierville	Washington	Cocos (Keeling) Islands
714	Lorenzo Leannon IV	176481	47-858536-228790-9	Deonte.Bruen90@yahoo.com	41502 Floyd Trail	Morriston	Montana	Seychelles
715	Mrs. Celia Stanton	176486	62-328729-958312-0	Ruben_Heidenreich@yahoo.com	2330 Champlin Flat	Marquardtfort	Kentucky	Cameroon
716	Nathan Crooks PhD	176491	13-227965-683134-5	Kamille_Brakus@hotmail.com	314 Keyon Spring	Bristol	Georgia	China
717	Dr. Jose Corwin	176496	19-245295-325706-1	Sammie.Greenfelder28@hotmail.com	39914 Considine Bypass	Tallahassee	Arizona	Chad
718	Jean Mitchell	176501	57-574499-408090-9	Orie_Lakin@hotmail.com	36849 Maryam Via	Fort Tracey	North Carolina	Chile
719	Ms. Crystal Osinski IV	176506	03-237143-211293-3	Constance.Considine55@hotmail.com	25098 Jacobson Shoal	Alisafort	Nevada	Costa Rica
720	Marcos Bayer-Gerhold	176511	62-859366-224397-7	Jevon.OReilly60@gmail.com	97172 Hahn Mission	Fort Christelleview	Nebraska	Tokelau
721	Miss Angelica Williamson	176516	14-727752-777546-2	Winfield.Renner@hotmail.com	25974 Cedar Grove	Eau Claire	Oregon	Sao Tome and Principe
722	Roosevelt Steuber	176521	88-231310-788938-8	Zachary.Kilback90@hotmail.com	99922 Greenfelder Parks	Rogerstad	Florida	French Polynesia
723	Mr. Matt Littel	176526	40-342861-425859-4	Orval67@yahoo.com	680 Union Street	Oak Lawn	Kentucky	Mayotte
724	Emmett Labadie	176531	42-782218-055919-9	Freda_Borer@gmail.com	3584 Ludwig Plain	New Wilson	Pennsylvania	Grenada
725	Terrance O'Reilly	176536	63-036618-880103-2	Cade_Gutmann-Hermiston36@yahoo.com	8885 Rutherford Cliffs	East Ardith	Massachusetts	Kenya
726	Stewart Turcotte	176541	13-432178-027666-2	Deborah_Heidenreich37@hotmail.com	93554 Gladstone Road	Jeffside	Wyoming	Slovenia
727	Craig Haley	176546	02-956769-769225-4	Donato_Harvey37@gmail.com	83198 VonRueden Hill	West April	Colorado	Democratic People's Republic of Korea
728	Shari Mosciski-Bashirian	176551	23-230136-711433-9	Henderson.Reichel81@gmail.com	138 Mosciski Trail	Bryan	New Mexico	Greece
729	Dr. Casey Murray Jr.	176556	94-932935-404612-7	Forest15@yahoo.com	23707 S High Street	Jermainton	Minnesota	Grenada
730	Diana Huels	176561	77-498216-419187-9	Ignacio20@gmail.com	455 Lockman Fork	Federal Way	Vermont	Mongolia
731	Jaime Gleason	176566	62-680387-212759-3	Geraldine.Treutel@gmail.com	4191 Effie Causeway	Lake Jonstead	Pennsylvania	Palestine
732	Patrick Haley	176571	05-494615-191044-4	Nicolas.Glover@gmail.com	30289 Beahan Forges	Livermore	Iowa	Grenada
733	Dr. Adrian Bayer	176576	89-855046-369180-7	Elnora.Lubowitz@hotmail.com	914 Carter Land	Grimesside	Michigan	Iraq
734	Mattie Orn	176581	75-452444-691816-8	Kareem.Aufderhar3@yahoo.com	3596 Leuschke Forks	West Lyda	Kansas	American Samoa
735	Mercedes Bayer	176586	64-817280-478628-8	Lulu.Kirlin52@gmail.com	5251 Clarence Street	Franeckitown	Illinois	Antarctica
736	Oliver Murray	176591	04-504546-733106-4	Daphney91@yahoo.com	35242 Rashad Trafficway	North Pattie	Massachusetts	Solomon Islands
737	Dr. Kenny Bogan	176596	17-544427-469528-6	Jerel_Ankunding51@hotmail.com	1013 Keegan Underpass	Hoffman Estates	Wisconsin	Malta
738	Mrs. Mattie Olson	176601	52-727093-582902-1	Charley_Denesik@gmail.com	8896 Addison Overpass	Starkton	Texas	Armenia
739	Deanna Lindgren	176606	25-063965-826457-9	Chanelle5@gmail.com	5247 Tevin Ford	Caroleborough	Connecticut	Samoa
740	Sheldon Moen	176611	35-477638-579178-2	Maximillian82@yahoo.com	42208 Kuphal Cape	Mayerboro	Arkansas	South Sudan
741	Lynda West	176616	21-054932-052600-9	Joanny.Medhurst40@yahoo.com	4196 Kaci Wall	North Emilia	Maryland	Djibouti
742	Tamara Reichert	176621	40-664001-997052-7	Alysa32@yahoo.com	442 Salvador Mills	Lake Lysannefort	Montana	Martinique
743	Bob Harris	176626	86-437852-277930-0	Joana_Daniel73@gmail.com	3188 Edward Street	Schowalterboro	Rhode Island	Belarus
744	Marvin O'Hara DDS	176631	52-696544-691943-2	Lexi12@hotmail.com	13456 Washington Boulevard	Spring	Florida	French Guiana
745	Theresa Connelly	176636	50-121150-749732-6	Braulio.Lebsack@gmail.com	675 Sycamore Avenue	West Christelle	Delaware	Antarctica
746	Myra Mayer-Gorczany	176641	82-971381-512795-3	Sylvester42@gmail.com	84252 Central Street	Lake Brionnabury	Maine	Philippines
747	Lindsay Marks	176646	39-057194-396551-5	Tara.Berge90@gmail.com	43509 Newell Expressway	Tayaton	Maine	Montenegro
748	Milton Steuber II	176651	67-824851-589124-6	Stephanie62@yahoo.com	8763 The Oaks	Rowland Heights	Kansas	Niue
749	Cynthia Cremin	176656	62-737354-125863-2	Everardo_Schmitt@hotmail.com	103 Old State Road	Gulfport	Iowa	Uganda
750	Sheri Williamson	176661	71-600178-705616-0	Dawn_Bashirian17@yahoo.com	492 Kaitlin Flats	Littleport	California	Liberia
